flaw_id,route,surface,state,viewport,severity,dimension,selector_or_component,screenshot,reproduction,what_is_wrong,why_it_feels_wrong,usability_impact,emotional_impact,brand_impact,accessibility_impact,performance_impact,root_cause,recommended_direction,acceptance_test,status
F001,/universe/map;/universe/orbits;/universe/timeline;/universe/research;/universe/web-signals;/universe/community,Universe lenses,populated,desktop-1920x1080,P0,information architecture,.nur-page#page-systems,proof/v9-current-ui/map-desktop-1920x1080.png,"Visit /systems then each /universe/* lens and diff the captured metrics","Six navigation destinations render the same page. All report exactly 92 controls, 17 cards and an identical H1>H2x6 heading structure; on-screen text differs by 38-91 characters out of 5163 — under 2%.","Choosing a lens changes a label and almost nothing else, so navigation promises depth the page does not deliver","A user who clicks Map, Orbits, Timeline, Research and Web Signals sees the same screen five times and learns the nav is decorative","Six named destinations that do not differentiate reads as a demo, not a product","Landmark and heading structure is identical across six routes, so screen-reader users get no signal they moved","None — the work is already rendered","renderWorldLens updates a sub-panel only; the surrounding 98% of the page is shared chrome that never changes per lens","Each lens must own the primary layer: its own hero treatment, its own heading, and its own dominant data object. The shared chrome should recede when a lens is active.","Any two lens routes differ by >25% of visible text and by their H1 content; heading structure differs per lens",OPEN
F002,all /universe/* and /systems,Universe shell,populated,desktop-1920x1080,P1,touch ergonomics,"button, [role=button], input",proof/v9-current-ui/systems-desktop-1920x1080.png,"Measure getBoundingClientRect on every visible control","62 of 92 visible controls are smaller than 44x44 CSS px on desktop; 19 of 70 on mobile. CORRECTION: 44x44 is Apple HIG design guidance, not a WCAG requirement. WCAG 2.2 SC 2.5.8 (AA) requires 24x24 CSS px with a spacing exception. The count below 24x24 has NOT been measured, so no conformance failure is claimed yet.","Controls feel fiddly and imprecise, which reads as cheap regardless of how the page looks","Mis-taps and repeated attempts on the densest surfaces","Precision work feels stressful rather than effortless","UNPROVEN as a conformance failure until re-measured at 24x24 with the spacing exception applied; currently a design-quality finding","None","Topbar, nav and scope chips were sized for visual density, not for hit area; no shared minimum-target token exists","Re-measure at 24x24 including the spacing exception to establish conformance. Separately adopt 44x44 as the NUR design token for touch surfaces, achieved with padding or ::before overlays without changing visual size","Zero visible controls below 24x24 without satisfying the WCAG spacing exception; zero below 44x44 on touch viewports",OPEN
F003,all routes,global,populated,desktop-1920x1080,P1,typography,"p, span, small, li, td",proof/v9-current-ui/omega-review-desktop-1920x1080.png,"Measure computed fontSize on visible text nodes","Between 40 and 75 visible text elements per route render below 12px. Omega review is worst at 75; Systems 54; Today 18","Sub-12px text signals ""dense admin tool"", which contradicts the editorial ambition of the display type","Provenance, telemetry and evidence lines are the hardest to read yet carry the highest trust value","The most trustworthy content is the least legible","Below the practical legibility floor; no user-facing size control","Telemetry styling was tuned for compactness with no minimum-size rule in the type scale","Set a floor in the responsive type scale. Telemetry may be small and quiet but never below the floor; use opacity and letter-spacing for hierarchy instead of shrinking","No visible text below the token floor at any viewport",OPEN
F004,/community;/consultations;/projects;/glow;/notifications;/settings;/universe/omega;/universe/omega/review,Adjunct surfaces,populated,desktop-1920x1080,P1,visual hierarchy,h1,proof/v9-current-ui/omega-desktop-1920x1080.png,"Read the captured headings string: H1>H2x6>H1>H2x5","Two H1 elements on the same page — the canonical page title plus the adjunct surface title","Two competing titles means neither reads as the subject of the screen","Ambiguous page identity when scanning","The page argues with itself about what it is","Two H1 landmarks break document outline for assistive technology","Adjunct surfaces render their own H1 into a canonical page that already has one","Adjunct surfaces should adopt H2 and inherit the canonical H1, or the canonical H1 should be suppressed when an adjunct owns the viewport","Exactly one H1 per route at every viewport",OPEN
F005,all /universe/* and /systems,Universe shell,populated,desktop-1920x1080,P1,feedback,"[disabled], [aria-disabled=true]",proof/v9-current-ui/systems-desktop-1920x1080.png,"Count disabled visible controls per route","14 controls are permanently disabled on every universe route; 16 on Settings","Persistently dead controls teach the user that parts of the interface are decoration","Users repeatedly test controls that never respond","A shipped product with permanently greyed controls reads as unfinished","Disabled state alone does not communicate why; no accessible explanation is attached","These correspond to the 7 NOT_IMPLEMENTED_VISIBLE and 2 BLOCKED_BY_EXTERNAL_PROVIDER entries in the control matrix","Every disabled control must carry an honest reason on focus and hover. Controls blocked by an unconfigured provider should say so; unimplemented ones should not be visible at all","Zero disabled controls without an accessible reason; NOT_IMPLEMENTED_VISIBLE count reaches 0",OPEN
F006,/universe/omega/review,Omega review,populated,desktop-1920x1080,P2,density,.nur-page,proof/v9-current-ui/omega-review-desktop-1920x1080.png,"Compare control and character counts across routes","135 controls and 11614 characters on one screen — 47% more controls and 125% more text than the Systems route","Everything is present at once with no progressive disclosure, so nothing is prioritised","The reviewer must parse the whole screen before acting","Density without hierarchy reads as an admin console","High cognitive load; long tab sequence","Review was built as a complete form rather than a staged decision flow","Stage the review: one claim at a time in the primary layer, the queue in the secondary layer, provenance in the tertiary","No route exceeds 80 visible controls without progressive disclosure",OPEN
F007,all routes,global,populated,mobile-390x844,P2,responsive behaviour,.nur-page,proof/v9-current-ui/systems-mobile-390x844.png,"Compare desktop and mobile metrics per route","Mobile trims proportionally rather than recomposing: Systems drops 24% of controls and 23% of text; Omega review keeps 113 of 135 controls and 10431 of 11614 characters","The mobile screen is the desktop screen with less room, not a layout designed for a phone","Long scrolls and small targets on the surfaces that matter most","Mobile feels like an afterthought","Small targets and long tab sequences compound on touch","No separate mobile composition exists; layout is fluid rather than art-directed","Design mobile as its own composition per tier: one hero object, one primary action, telemetry moved into expandable sheets","Mobile carries <=50% of desktop controls above the fold on every Tier A and B route",OPEN
F008,session-wide,global,populated,desktop-1920x1080,P1,trust,network,proof/v9-current-ui/census.json,"Watch the console across a full authenticated census","One 401 Unauthorized during the authenticated session","A silent authorisation failure during normal use suggests something is not wired correctly","No visible breakage observed, but an unexplained 401 is unexplained state","Silent failures erode confidence in correctness","May indicate a surface that renders without its data","Not yet attributed to a specific request","Attribute the request, then either authorise it or stop issuing it","Zero unexplained 4xx responses across a full authenticated census",OPEN
F009,all routes,global,populated,desktop-1920x1080,P2,composition,"[class*=card], [class*=panel]",proof/v9-current-ui/glow-desktop-1920x1080.png,"Count visible card and panel containers","17 to 22 card or panel containers per route with near-uniform visual weight","Equal-weight cards mean the composition never states what matters most","The eye has no entry point; scanning is linear","Card-grid uniformity is the generic-SaaS signature the directive forbids","Nothing critical is conveyed by position or emphasis","The adjunct language is a responsive panel grid applied uniformly regardless of tier","Panels should attach to the scene and appear contextually. Tier A surfaces should carry one dominant object with 2-4 supporting metrics, not 17 equal cards","No Tier A route shows more than 6 equal-weight containers in the initial viewport",OPEN
F010,/talk,Talk,populated,desktop-1920x1080,P2,content density,.nur-page#page-talk,proof/v9-current-ui/talk-desktop-1920x1080.png,"Compare text volume against sibling working surfaces","6783 characters on desktop and 5760 on mobile — the highest text volume of any Tier B working surface, and mobile removes only 15%","The surface where a user works longest is the one that trims least on a phone","Prolonged reading on the smallest screen","The working surface should feel calm and does not","Long uninterrupted text regions","Talk transcript is rendered in full with no viewport-aware truncation or collapse","Collapse older turns behind an explicit control on mobile; keep the current exchange dominant","Talk mobile shows <=60% of desktop text volume at first paint",OPEN
