generated_file,repo_destination,conflict,decision,changes_made,imports_verified,runtime_owner_verified,route_verified,backend_contract_verified,tests_added,final_status
apps/web/src/bridge/v197StarField.ts,apps/web/src/bridge/v197StarField.ts,none — new module alongside v197StarBrain,INTEGRATE,"rewritten twice: animated canvas -> static bitmap layer -> three parallax planes with depth+sparkle, after measuring an 11-CPU-point cost for the canvas version",apps/web/src/bridge/v197Polish.ts,no frame loop at all; CSS transform/opacity only,mounted from ensureV197EntryPolish and ensureV197PremiumPolish (Entry + Universe),n/a — purely presentational,e2e/v8-star-field.spec.ts,INTEGRATED
apps/web/src/styles/v197-holographic.css,apps/web/src/styles/v197-holographic.css,overrides canonical panel tint and control sizing,INTEGRATE,panel navy replaced with neutral glass + spectral sheen; send arrow hidden; sign-out sized; journal padding; scroll containment derived from measurement,apps/web/src/bridge/v197Polish.ts,stylesheet only,injected via V197_PRESENTATION_CSS on both stages,n/a,covered by e2e scroll/visual checks,INTEGRATED
apps/web/src/bridge/v43StarBrainRuntime.js,same (modified in place),hash-pinned founder-approved runtime,REWRITE_TO_FIT,added cancellable frame loop + dispose; replaced square-and-cross particle with sprite-cached stellar star; dust population; Entry scale +40%; dust fast path,apps/web/src/bridge/v197StarBrain.ts; apps/web/src/v197/v43-star-brain-source.test.ts; apps/web/src/v197/phase1-host.test.ts,"single loop, now cancellable (product previously had zero cancelAnimationFrame)",mounted by v197StarBrain on Entry/Today/Systems/Map,n/a,v43-star-brain-source.test.ts extended; e2e/v8-star-brain-perf.spec.ts,INTEGRATED
apps/api/app/living/catalog.py + service/feasibility/auth/living routes,same,"seven-System domain assumed across API, tests, seed and frontend",REWRITE_TO_FIT,"six Systems; capacity routing, operating boundaries, Today blends, check-in orbit and Glow attribution all remapped","catalog imported by living/service, feasibility, orbits, glow",n/a,/api/v1/systems/* verified live,187/187 backend tests,9 test modules updated to the new domain,INTEGRATED
apps/api/alembic/versions/0031_six_star_systems.py,same,system_slug is free text; orbits match on title; FORCE RLS blocks the migration role,INTEGRATE,"slug remap + orbit title remap + Study retirement + duplicate-title merge, all with FORCE RLS lifted and row counts asserted",alembic head chain 0030 -> 0031,n/a,n/a,applied and reversed on a clean database and on the runtime database,verified by the backend suite running against migrated schema,INTEGRATED
apps/api/alembic/versions/0026_glow_progression_spine.py,same,pre-existing migration could not apply to any database holding Glow rows,REWRITE_TO_FIT,backfill now lifts FORCE RLS (the UPDATE previously matched zero rows silently) and asserts no orphan before SET NOT NULL,n/a,n/a,n/a,runtime database migrated 0023 -> 0031 successfully after the fix,existing suite,INTEGRATED
apps/api/app/api/v1/cognition.py (talk-thread),same,asc()+limit returned the OLDEST turns,INTEGRATE,"order desc, limit, then restore chronological order",n/a,n/a,/api/v1/talk-thread,187/187,covered by talk persistence tests,INTEGRATED
apps/web/src/bridge/v197Hydration.ts,same,CORE_SYSTEMS title list and slot fallback,REWRITE_TO_FIT,six-System list; retired slots hidden with important inline display; transcript scroll position preserved across re-render,imported by v197Bridge,no new loop,"/systems, /talk",reads V197SystemsSnapshot,track-a-hydration.test.ts updated,INTEGRATED
apps/web/src/visual/** (cinematic runtime),proof/v8-candidate/frozen-visual-runtime/,founder rejected the full-bleed stage visually,ARCHIVE_OUTSIDE_BUNDLE,moved out of src so it no longer ships; 10.4 kB gzip removed from the bundle,no longer imported by any src file,not mounted,n/a,n/a,freeze record in docs/v8/SYSTEMS_CANDIDATE_FREEZE.md,"FROZEN — preserved, not shipped"
