surface,frontend_entry,client_method,client_path,backend_route,persistence_or_handler,render_owner,contract_status,evidence
Today,"/today","saveTodayCheckIn; completeTodayAction; missTodayAction; makeTodayActionEasier","/today/check-in; /today/complete-action; /today/miss-action; /today/make-easier","/today/check-in; /today/complete-action; /today/miss-action; /today/make-easier","living.py owner-scoped mutations and Glow","v197Hydration + v197Bindings","ALIGNED","Current frontend client and FastAPI routes use matching paths"
Talk,"/talk; /talk/{id}","talk; V197StreamClient.talk; cancel","/cognition/talk; /cognition/talk/stream; /cognition/talk/cancel","/cognition/talk; /cognition/talk/stream; /cognition/talk/cancel; /cognition/talk-runs/{request_id}","cognition.py + streaming.py + durable model runs","v197Hydration + v197StreamClient","ALIGNED_AFTER_B4","Capability and memory fields now explicit in client and send path"
Journal,"/journal; /journal/{id}","createJournal; patchJournal; deleteJournal","/journal; /journal/{id}","/journal; /journal/{id}","cognition.py journal persistence","v197Hydration + v197Bindings","ALIGNED","Owner journal state is hydrated and mutated through API"
Plan,"/plan; /plan/{id}","createPlan; patchPlanStep; patchPlan","/plans; /plan-steps/{id}; /plans/{id}","/plans; /plan-steps/{id}; /plans/{id}","cognition.py plans and steps","v197Hydration + v197Bindings","PARTIAL","Direction edit remains explicitly Track-B disabled"
Systems,"/systems; /systems/{slug}","systems; goals; patchGoal","/systems; /systems/{slug}; /goals; /goals/{id}","/systems; /systems/{system_slug}; /goals; /goals/{goal_id}","living.py systems/goals","v197Hydration","ALIGNED","Six-system catalog is canonical"
Orbit,"/universe/orbits","renderV197Orbit; V197ApiClient.get","/orbit-field; /orbit-entities; /orbit-groups; /orbit-relationships","/orbit-field; /orbit-entities; /orbit-groups; /orbit-relationships; /orbit-layout","orbit_world.py and orbits.py","v197Orbit","ALIGNED","Dedicated route owns one canonical surface"
Map,"/universe/map","renderV197Map; V197ApiClient.get/post","/map; /map/views; /map/*","/map; /map/views; /map/*","map.py and map_workspace.py","v197Map","ALIGNED_WITH_DISABLED_GUIDED_ACTIONS","Owner graph works; several guided drawers remain disabled"
Timeline,"/universe/timeline","renderV197Timeline; V197ApiClient.get/post","/timeline/flow; /timeline/calendar; /timeline/review; /timeline/events","/timeline/flow; /timeline/calendar; /timeline/review; /timeline/events","timeline.py and timeline_workspace.py","v197Timeline","ALIGNED_WITH_DISABLED_GUIDED_ACTIONS","Flow/Calendar/Horizons/Review render; Add/Schedule flows remain disabled"
Insights,"/universe/insights; /universe/insights/candidates","renderV197Insights; candidateInsights","/insights; /insights/{id}/*","/insights; /insights/{insight_id}/*","insights.py and agentic_insights","v197Insights + v197Adjuncts","RECONCILED_PORT","Dedicated Insights surface selectively ported from candidate branch"
Agents,"/agents; /agents/{workflow_id}","agenticWorkflow; createAgenticWorkflow; retryAgenticStep; decideAgenticApproval","/agentic/workflows; /agentic/workflows/{id}; /agentic/workflows/{id}/steps/{step}/retry; /agentic/approvals/{id}/decide","/agentic/workflows; /agentic/workflows/{workflow_id}; /agentic/workflows/{workflow_id}/retry; /agentic/approvals/{approval_id}/decide","agentic.py + lifecycle_service.py + decisions.py","v197Adjuncts","MISMATCH_B2_B3","Frontend retry path and browser EDIT helper require closure"
Memory,"/memory","memories; memoryCandidates; createMemory; approveMemoryCandidate","/memories; /memory-candidates; /memories/{id}; /memory-candidates/{id}/approve","/memories; /memory-candidates; /memories/{memory_id}; /memory-candidates/{candidate_id}/approve","memory.py","v197Adjuncts","ALIGNED","Owner-scoped routes and focused UI proof exist"
Projects,"/projects; /projects/{id}/{tab}","projects; projectTasks; projectRuns; projectFiles; projectEvidence","/projects; /projects/{id}/tasks; /projects/{id}/runs; /projects/{id}/files; /projects/{id}/evidence","/projects; /projects/{project_id}/tasks; /projects/{project_id}/runs; /projects/{project_id}/files; /projects/{project_id}/evidence","projects.py + project_execution","v197Adjuncts","PARTIAL","Insights/settings/share tabs honest placeholder"
Capsules,"/capsules; /capsule/{id}","ownedCapsules; createCapsule; grantCapsule; revokeCapsule; askCapsule","/capsules; /orbits/{orbit}/capsules; /capsules/{id}/grants; /capsules/{id}/revoke; /capsules/{id}/questions","matching capsules.py routes","capsules.py + capsule_service.py","v197Adjuncts","ALIGNED","Owner and recipient boundary paths match"
Research,"/universe/research","researchBriefs; researchJobs; researchSources; researchClaims","/research/briefs; /research/jobs; /research/sources; /research/claims","matching group_research.py and product_surfaces.py routes","group_research.py + product_surfaces.py","v197Hydration Systems-hosted Research card","LOCAL_STAGING_ALIGNED","Owner-scoped local question staging is wired and independently persisted; no separate chamber or live external retrieval is claimed"
Community,"/community; /community/room/{id}","communityRooms; communityMessages; communityPosts; communityComments; reactions","/community/rooms; /community/rooms/{id}/*","matching community.py and community_social.py routes","community.py + community_social.py","v197Adjuncts","PARTIAL","Bounded rooms work; /universe/community collapses and future tabs are disconnected"
Billing,"/billing","billingPlans; billingSubscription; billingCheckout; billingPortal","/billing/plans; /billing/subscription; /billing/checkout; /billing/portal","matching billing routes","billing/service.py + billing/providers.py","v197Adjuncts","EXTERNAL_BLOCKED","Provider-disabled state is explicit"
Notifications,"/notifications","notifications; createReminder; markNotificationRead; patchNotificationPreferences","/notifications; /notifications/reminders; /notifications/{id}/read; /notifications/preferences","matching notifications.py routes","notifications.py + engagement_policy.py","v197Adjuncts","EXTERNAL_BLOCKED","In-app only; external push/email disabled"
Localization,"/settings","patchPreferences; translation catalog client","/profile/preferences; /translations/catalog","/profile/preferences; /translations/*","profile.py + translations.py","v197Adjuncts","PARTIAL","No distinct Localization chamber"
Agent retry P0,"/agents/{workflow_id}","retryAgenticStep","/agentic/workflows/{workflow_id}/steps/{step_id}/retry","/agentic/workflows/{workflow_id}/retry","lifecycle_service.retry_workflow","v197Adjuncts","MISMATCH","Backend public route is authoritative"
Approval EDIT P0,"/agents","decideAgenticApproval","/agentic/approvals/{approval_id}/decide with edited_arguments:null","same route; ApprovalDecisionIn accepts edited_arguments","decisions.py + input_schemas.py","v197Adjuncts","BROWSER_GAP","Backend EDIT HTTP/worker proof exists; browser helper only APPROVE/REJECT"
Talk metadata P0,"/talk","V197StreamClient.talk","/cognition/talk/stream body now includes capability_id and memory_mode","TalkStreamIn and streaming.py accept both fields","cognition.py + streaming.py","v197StreamClient","CLOSED_LOCAL","Requires full-stack proof in B6/C1"
OpenAPI drift P0,"CI","contract gate pending","all client paths","FastAPI OpenAPI","new gate pending","CI","MISSING","Only route-presence assertions currently exist"
