method,path,name,classification,authentication,csrf,trusted_origin,machine_guard,dependencies,allowlist_reason,compliant
DELETE,/api/v1/account,request_account_deletion,AUTHENTICATED_BROWSER_MUTATION,SESSION,YES,YES,,get_current_identity;get_db;get_scoped_db;require_csrf;require_trusted_origin,,YES
POST,/api/v1/account/deletion/cancel,cancel_account_deletion,PUBLIC_BROWSER_MUTATION,PUBLIC,YES,YES,,get_db;require_public_browser_csrf;require_trusted_origin,,YES
POST,/api/v1/account/deletion/receipt,account_deletion_receipt,PUBLIC_BROWSER_MUTATION,PUBLIC,YES,YES,,get_db;require_public_browser_csrf;require_trusted_origin,,YES
POST,/api/v1/account/export,export_account,AUTHENTICATED_BROWSER_MUTATION,SESSION,YES,YES,,get_current_identity;get_db;get_scoped_db;require_csrf;require_trusted_origin,,YES
GET,/api/v1/achievements,achievements,SAFE_METHOD,SESSION,NO,NO,,get_current_identity;get_db;get_scoped_db,,YES
GET,/api/v1/agentic/approvals,list_approvals,SAFE_METHOD,SESSION,NO,NO,,get_current_identity;get_db;get_scoped_db,,YES
POST,/api/v1/agentic/approvals/{approval_id}/decide,decide_approval,AUTHENTICATED_BROWSER_MUTATION,SESSION,YES,YES,,get_current_identity;get_db;get_scoped_db;require_agentic_mutation_rate;require_csrf;require_trusted_origin,,YES
GET,/api/v1/agentic/policy,get_policy,SAFE_METHOD,SESSION,NO,NO,,get_current_identity;get_db;get_scoped_db,,YES
PUT,/api/v1/agentic/policy,put_policy,AUTHENTICATED_BROWSER_MUTATION,SESSION,YES,YES,,get_current_identity;get_db;get_scoped_db;require_agentic_mutation_rate;require_csrf;require_trusted_origin,,YES
GET,/api/v1/agentic/tools,list_tools,SAFE_METHOD,SESSION,NO,NO,,get_current_identity;get_db,,YES
GET,/api/v1/agentic/workflows,list_workflows,SAFE_METHOD,SESSION,NO,NO,,get_current_identity;get_db;get_scoped_db,,YES
POST,/api/v1/agentic/workflows,create_workflow,AUTHENTICATED_BROWSER_MUTATION,SESSION,YES,YES,,get_current_identity;get_db;get_scoped_db;require_agentic_mutation_rate;require_csrf;require_trusted_origin,,YES
GET,/api/v1/agentic/workflows/{workflow_id},get_workflow,SAFE_METHOD,SESSION,NO,NO,,get_current_identity;get_db;get_scoped_db,,YES
POST,/api/v1/agentic/workflows/{workflow_id}/cancel,cancel_workflow,AUTHENTICATED_BROWSER_MUTATION,SESSION,YES,YES,,get_current_identity;get_db;get_scoped_db;require_agentic_mutation_rate;require_csrf;require_trusted_origin,,YES
GET,/api/v1/agentic/workflows/{workflow_id}/events,workflow_events,SAFE_METHOD,SESSION,NO,NO,,get_current_identity;get_db;get_scoped_db,,YES
POST,/api/v1/agentic/workflows/{workflow_id}/retry,retry_workflow,AUTHENTICATED_BROWSER_MUTATION,SESSION,YES,YES,,get_current_identity;get_db;get_scoped_db;require_agentic_mutation_rate;require_csrf;require_trusted_origin,,YES
POST,/api/v1/agentic/workflows/{workflow_id}/start,start_workflow,AUTHENTICATED_BROWSER_MUTATION,SESSION,YES,YES,,get_current_identity;get_db;get_scoped_db;require_agentic_mutation_rate;require_csrf;require_trusted_origin,,YES
POST,/api/v1/auth/login,login,PUBLIC_BROWSER_MUTATION,PUBLIC,YES,YES,,get_db;require_public_browser_csrf;require_trusted_origin,,YES
POST,/api/v1/auth/logout,logout,AUTHENTICATED_BROWSER_MUTATION,SESSION,YES,YES,,get_current_identity;get_db;require_csrf;require_trusted_origin,,YES
GET,/api/v1/auth/me,me,SAFE_METHOD,SESSION,NO,NO,,get_current_identity;get_db,,YES
POST,/api/v1/auth/password/change,change_password,AUTHENTICATED_BROWSER_MUTATION,SESSION,YES,YES,,get_current_identity;get_db;require_csrf;require_trusted_origin,,YES
POST,/api/v1/auth/password/forgot,forgot_password,PUBLIC_BROWSER_MUTATION,PUBLIC,YES,YES,,get_db;require_public_browser_csrf;require_trusted_origin,,YES
POST,/api/v1/auth/password/reset,reset_password,PUBLIC_BROWSER_MUTATION,PUBLIC,YES,YES,,get_db;require_public_browser_csrf;require_trusted_origin,,YES
POST,/api/v1/auth/register,register,PUBLIC_BROWSER_MUTATION,PUBLIC,YES,YES,,get_db;require_public_browser_csrf;require_trusted_origin,,YES
GET,/api/v1/auth/sessions,list_sessions,SAFE_METHOD,SESSION,NO,NO,,get_current_identity;get_db;get_scoped_db,,YES
POST,/api/v1/auth/sessions/revoke-others,revoke_other_sessions,AUTHENTICATED_BROWSER_MUTATION,SESSION,YES,YES,,get_current_identity;get_db;get_scoped_db;require_csrf;require_trusted_origin,,YES
DELETE,/api/v1/auth/sessions/{session_id},revoke_session,AUTHENTICATED_BROWSER_MUTATION,SESSION,YES,YES,,get_current_identity;get_db;get_scoped_db;require_csrf;require_trusted_origin,,YES
POST,/api/v1/billing/checkout,checkout,AUTHENTICATED_BROWSER_MUTATION,SESSION,YES,YES,,get_current_identity;get_db;get_scoped_db;require_csrf;require_trusted_origin,,YES
GET,/api/v1/billing/plans,plans,SAFE_METHOD,PUBLIC,NO,NO,,get_db,,YES
POST,/api/v1/billing/portal,portal,AUTHENTICATED_BROWSER_MUTATION,SESSION,YES,YES,,get_current_identity;get_db;get_scoped_db;require_csrf;require_trusted_origin,,YES
GET,/api/v1/billing/subscription,subscription,SAFE_METHOD,SESSION,NO,NO,,get_current_identity;get_db;get_scoped_db,,YES
POST,/api/v1/billing/webhooks/{provider},webhook,SIGNED_MACHINE_MUTATION,PUBLIC,NO,NO,X-Signature,get_db,Machine webhook authenticated by bounded X-Signature verification; browser CSRF is not authority.,YES
GET,/api/v1/capsules,list_my_capsules,SAFE_METHOD,SESSION,NO,NO,,get_current_identity;get_db;get_scoped_db,,YES
GET,/api/v1/capsules/{capsule_id}/audit,audit,SAFE_METHOD,SESSION,NO,NO,,get_current_identity;get_db;get_scoped_db,,YES
POST,/api/v1/capsules/{capsule_id}/collaboration-outcome,collaboration_outcome,AUTHENTICATED_BROWSER_MUTATION,SESSION,YES,YES,,get_current_identity;get_db;get_scoped_db;require_csrf;require_trusted_origin,,YES
POST,/api/v1/capsules/{capsule_id}/grants,grant_access,AUTHENTICATED_BROWSER_MUTATION,SESSION,YES,YES,,get_current_identity;get_db;get_scoped_db;require_csrf;require_trusted_origin,,YES
POST,/api/v1/capsules/{capsule_id}/questions,ask,AUTHENTICATED_BROWSER_MUTATION,SESSION,YES,YES,,get_current_identity;get_db;get_scoped_db;require_csrf;require_trusted_origin,,YES
POST,/api/v1/capsules/{capsule_id}/revoke,revoke,AUTHENTICATED_BROWSER_MUTATION,SESSION,YES,YES,,get_current_identity;get_db;get_scoped_db;require_csrf;require_trusted_origin,,YES
GET,/api/v1/capsules/{capsule_id}/view,recipient_view,SAFE_METHOD,SESSION,NO,NO,,get_current_identity;get_db;get_scoped_db,,YES
GET,/api/v1/claims/{claim_id}/why-changed,get_claim_why_changed,SAFE_METHOD,SESSION,NO,NO,,get_current_identity;get_db;get_scoped_db,,YES
POST,/api/v1/cognition/corrections,correct,AUTHENTICATED_BROWSER_MUTATION,SESSION,YES,YES,,get_current_identity;get_db;get_scoped_db;require_csrf;require_trusted_origin,,YES
GET,/api/v1/cognition/events,list_events,SAFE_METHOD,SESSION,NO,NO,,get_current_identity;get_db;get_scoped_db,,YES
POST,/api/v1/cognition/events,create_event,AUTHENTICATED_BROWSER_MUTATION,SESSION,YES,YES,,get_current_identity;get_db;get_scoped_db;require_csrf;require_trusted_origin,,YES
GET,/api/v1/cognition/events/{event_id},get_event,SAFE_METHOD,SESSION,NO,NO,,get_current_identity;get_db;get_scoped_db,,YES
POST,/api/v1/cognition/talk,talk,AUTHENTICATED_BROWSER_MUTATION,SESSION,YES,YES,,get_current_identity;get_db;get_scoped_db;require_csrf;require_trusted_origin,,YES
GET,/api/v1/cognition/talk-runs/{request_id},talk_run_status,SAFE_METHOD,SESSION,NO,NO,,get_current_identity;get_db;get_scoped_db,,YES
POST,/api/v1/cognition/talk-runs/{request_id}/cancel,cancel_talk_run,AUTHENTICATED_BROWSER_MUTATION,SESSION,YES,YES,,get_current_identity;get_db;get_scoped_db;require_csrf;require_trusted_origin,,YES
GET,/api/v1/cognition/talk-thread,talk_thread,SAFE_METHOD,SESSION,NO,NO,,get_current_identity;get_db;get_scoped_db,,YES
POST,/api/v1/cognition/talk/stream,talk_stream,AUTHENTICATED_BROWSER_MUTATION,SESSION,YES,YES,,get_current_identity;get_db;require_csrf;require_trusted_origin,,YES
GET,/api/v1/community/consultation-notes,list_community_notes,SAFE_METHOD,SESSION,NO,NO,,get_current_identity;get_db;get_scoped_db,,YES
POST,/api/v1/community/consultation-notes,create_community_note,AUTHENTICATED_BROWSER_MUTATION,SESSION,YES,YES,,get_current_identity;get_db;get_scoped_db;require_csrf;require_trusted_origin,,YES
GET,/api/v1/community/feed,signal_feed,SAFE_METHOD,SESSION,NO,NO,,get_current_identity;get_db;get_scoped_db,,YES
GET,/api/v1/community/moderation/actions/{action_id},get_moderation_action,SAFE_METHOD,SESSION,NO,NO,,get_current_identity;get_db;get_scoped_db,,YES
POST,/api/v1/community/moderation/actions/{action_id}/appeals,create_appeal,AUTHENTICATED_BROWSER_MUTATION,SESSION,YES,YES,,get_current_identity;get_db;get_scoped_db;require_csrf;require_trusted_origin,,YES
GET,/api/v1/community/moderation/appeals,visible_appeals,SAFE_METHOD,SESSION,NO,NO,,get_current_identity;get_db;get_scoped_db,,YES
GET,/api/v1/community/moderation/reports,visible_reports,SAFE_METHOD,SESSION,NO,NO,,get_current_identity;get_db;get_scoped_db,,YES
GET,/api/v1/community/relationships,list_relationships,SAFE_METHOD,SESSION,NO,NO,,get_current_identity;get_db;get_scoped_db,,YES
POST,/api/v1/community/relationships,set_relationship,AUTHENTICATED_BROWSER_MUTATION,SESSION,YES,YES,,get_current_identity;get_db;get_scoped_db;require_csrf;require_trusted_origin,,YES
DELETE,/api/v1/community/relationships/{relationship_kind}/{target_user_id},revoke_relationship,AUTHENTICATED_BROWSER_MUTATION,SESSION,YES,YES,,get_current_identity;get_db;get_scoped_db;require_csrf;require_trusted_origin,,YES
GET,/api/v1/community/rooms,list_rooms,SAFE_METHOD,SESSION,NO,NO,,get_current_identity;get_db;get_scoped_db,,YES
POST,/api/v1/community/rooms,create_room,AUTHENTICATED_BROWSER_MUTATION,SESSION,YES,YES,,get_current_identity;get_db;get_scoped_db;require_csrf;require_trusted_origin,,YES
GET,/api/v1/community/rooms/{room_id},get_room,SAFE_METHOD,SESSION,NO,NO,,get_current_identity;get_db;get_scoped_db,,YES
PATCH,/api/v1/community/rooms/{room_id}/content/{target_kind}/{target_id},edit_content,AUTHENTICATED_BROWSER_MUTATION,SESSION,YES,YES,,get_current_identity;get_db;get_scoped_db;require_csrf;require_trusted_origin,,YES
GET,/api/v1/community/rooms/{room_id}/content/{target_kind}/{target_id}/revisions,list_revisions,SAFE_METHOD,SESSION,NO,NO,,get_current_identity;get_db;get_scoped_db,,YES
POST,/api/v1/community/rooms/{room_id}/decision,create_decision,AUTHENTICATED_BROWSER_MUTATION,SESSION,YES,YES,,get_current_identity;get_db;get_scoped_db;require_csrf;require_trusted_origin,,YES
GET,/api/v1/community/rooms/{room_id}/leaderboard,room_leaderboard,SAFE_METHOD,SESSION,NO,NO,,get_current_identity;get_db;get_scoped_db,,YES
GET,/api/v1/community/rooms/{room_id}/members,list_members,SAFE_METHOD,SESSION,NO,NO,,get_current_identity;get_db;get_scoped_db,,YES
POST,/api/v1/community/rooms/{room_id}/members,add_member,AUTHENTICATED_BROWSER_MUTATION,SESSION,YES,YES,,get_current_identity;get_db;get_scoped_db;require_csrf;require_trusted_origin,,YES
DELETE,/api/v1/community/rooms/{room_id}/members/{target_user_id},remove_or_leave_room,AUTHENTICATED_BROWSER_MUTATION,SESSION,YES,YES,,get_current_identity;get_db;get_scoped_db;require_csrf;require_trusted_origin,,YES
PATCH,/api/v1/community/rooms/{room_id}/members/{target_user_id},change_member_role,AUTHENTICATED_BROWSER_MUTATION,SESSION,YES,YES,,get_current_identity;get_db;get_scoped_db;require_csrf;require_trusted_origin,,YES
GET,/api/v1/community/rooms/{room_id}/messages,list_messages,SAFE_METHOD,SESSION,NO,NO,,get_current_identity;get_db;get_scoped_db,,YES
POST,/api/v1/community/rooms/{room_id}/messages,create_message,AUTHENTICATED_BROWSER_MUTATION,SESSION,YES,YES,,get_current_identity;get_db;get_scoped_db;require_csrf;require_trusted_origin,,YES
GET,/api/v1/community/rooms/{room_id}/messages/sync,sync_messages,SAFE_METHOD,SESSION,NO,NO,,get_current_identity;get_db;get_scoped_db,,YES
GET,/api/v1/community/rooms/{room_id}/moderation/appeals,appeal_queue,SAFE_METHOD,SESSION,NO,NO,,get_current_identity;get_db;get_scoped_db,,YES
POST,/api/v1/community/rooms/{room_id}/moderation/appeals/{appeal_id}/review,review_appeal,AUTHENTICATED_BROWSER_MUTATION,SESSION,YES,YES,,get_current_identity;get_db;get_scoped_db;require_csrf;require_trusted_origin,,YES
GET,/api/v1/community/rooms/{room_id}/moderation/events,moderation_events,SAFE_METHOD,SESSION,NO,NO,,get_current_identity;get_db;get_scoped_db,,YES
GET,/api/v1/community/rooms/{room_id}/moderation/queue,moderation_queue,SAFE_METHOD,SESSION,NO,NO,,get_current_identity;get_db;get_scoped_db,,YES
POST,/api/v1/community/rooms/{room_id}/moderation/reports/{report_id}/actions,take_moderation_action,AUTHENTICATED_BROWSER_MUTATION,SESSION,YES,YES,,get_current_identity;get_db;get_scoped_db;require_csrf;require_trusted_origin,,YES
GET,/api/v1/community/rooms/{room_id}/positions,list_positions,SAFE_METHOD,SESSION,NO,NO,,get_current_identity;get_db;get_scoped_db,,YES
POST,/api/v1/community/rooms/{room_id}/positions,create_position,AUTHENTICATED_BROWSER_MUTATION,SESSION,YES,YES,,get_current_identity;get_db;get_scoped_db;require_csrf;require_trusted_origin,,YES
GET,/api/v1/community/rooms/{room_id}/posts,list_posts,SAFE_METHOD,SESSION,NO,NO,,get_current_identity;get_db;get_scoped_db,,YES
POST,/api/v1/community/rooms/{room_id}/posts,create_post,AUTHENTICATED_BROWSER_MUTATION,SESSION,YES,YES,,get_current_identity;get_db;get_scoped_db;require_csrf;require_trusted_origin,,YES
GET,/api/v1/community/rooms/{room_id}/posts/{post_id}/comments,list_comments,SAFE_METHOD,SESSION,NO,NO,,get_current_identity;get_db;get_scoped_db,,YES
POST,/api/v1/community/rooms/{room_id}/posts/{post_id}/comments,create_comment,AUTHENTICATED_BROWSER_MUTATION,SESSION,YES,YES,,get_current_identity;get_db;get_scoped_db;require_csrf;require_trusted_origin,,YES
POST,/api/v1/community/rooms/{room_id}/reactions,create_reaction,AUTHENTICATED_BROWSER_MUTATION,SESSION,YES,YES,,get_current_identity;get_db;get_scoped_db;require_csrf;require_trusted_origin,,YES
POST,/api/v1/community/rooms/{room_id}/reports,create_report,AUTHENTICATED_BROWSER_MUTATION,SESSION,YES,YES,,get_current_identity;get_db;get_scoped_db;require_csrf;require_trusted_origin,,YES
POST,/api/v1/community/rooms/{room_id}/saves,save_content,AUTHENTICATED_BROWSER_MUTATION,SESSION,YES,YES,,get_current_identity;get_db;get_scoped_db;require_csrf;require_trusted_origin,,YES
GET,/api/v1/community/rooms/{room_id}/summary,room_summary,SAFE_METHOD,SESSION,NO,NO,,get_current_identity;get_db;get_scoped_db,,YES
GET,/api/v1/community/saves,list_saves,SAFE_METHOD,SESSION,NO,NO,,get_current_identity;get_db;get_scoped_db,,YES
DELETE,/api/v1/community/saves/{target_kind}/{target_id},unsave_content,AUTHENTICATED_BROWSER_MUTATION,SESSION,YES,YES,,get_current_identity;get_db;get_scoped_db;require_csrf;require_trusted_origin,,YES
GET,/api/v1/consultations,list_consultations,SAFE_METHOD,SESSION,NO,NO,,get_current_identity;get_db;get_scoped_db,,YES
POST,/api/v1/consultations,create_consultation,AUTHENTICATED_BROWSER_MUTATION,SESSION,YES,YES,,get_current_identity;get_db;get_scoped_db;require_csrf;require_trusted_origin,,YES
GET,/api/v1/consultations/{consultation_id},consultation_detail,SAFE_METHOD,SESSION,NO,NO,,get_current_identity;get_db;get_scoped_db,,YES
POST,/api/v1/consultations/{consultation_id}/contributions,add_contribution,AUTHENTICATED_BROWSER_MUTATION,SESSION,YES,YES,,get_current_identity;get_db;get_scoped_db;require_csrf;require_trusted_origin,,YES
POST,/api/v1/consultations/{consultation_id}/stages/{stage},complete_stage,AUTHENTICATED_BROWSER_MUTATION,SESSION,YES,YES,,get_current_identity;get_db;get_scoped_db;require_csrf;require_trusted_origin,,YES
GET,/api/v1/experiments,list_experiments,SAFE_METHOD,SESSION,NO,NO,,get_current_identity;get_db;get_scoped_db,,YES
POST,/api/v1/experiments,create_experiment,AUTHENTICATED_BROWSER_MUTATION,SESSION,YES,YES,,get_current_identity;get_db;get_scoped_db;require_csrf;require_trusted_origin,,YES
POST,/api/v1/experiments/{exp_id}/outcomes,report_outcome,AUTHENTICATED_BROWSER_MUTATION,SESSION,YES,YES,,get_current_identity;get_db;get_scoped_db;require_csrf;require_trusted_origin,,YES
POST,/api/v1/experts/contributions/{contribution_id}/moderate,moderate_expert_contribution,AUTHENTICATED_BROWSER_MUTATION,SESSION,YES,YES,,get_current_identity;get_db;get_scoped_db;require_csrf;require_trusted_origin,,YES
GET,/api/v1/experts/profiles,list_expert_profiles,SAFE_METHOD,SESSION,NO,NO,,get_current_identity;get_db;get_scoped_db,,YES
POST,/api/v1/experts/profiles,create_expert_profile,AUTHENTICATED_BROWSER_MUTATION,SESSION,YES,YES,,get_current_identity;get_db;get_scoped_db;require_csrf;require_trusted_origin,,YES
POST,/api/v1/experts/profiles/{profile_id}/verifications,request_expert_verification,AUTHENTICATED_BROWSER_MUTATION,SESSION,YES,YES,,get_current_identity;get_db;get_scoped_db;require_csrf;require_trusted_origin,,YES
GET,/api/v1/experts/rooms/{room_id}/contributions,list_expert_contributions,SAFE_METHOD,SESSION,NO,NO,,get_current_identity;get_db;get_scoped_db,,YES
POST,/api/v1/experts/rooms/{room_id}/contributions,create_expert_contribution,AUTHENTICATED_BROWSER_MUTATION,SESSION,YES,YES,,get_current_identity;get_db;get_scoped_db;require_csrf;require_trusted_origin,,YES
GET,/api/v1/experts/verifications,list_expert_verifications,SAFE_METHOD,SESSION,NO,NO,,get_current_identity;get_db;get_scoped_db,,YES
POST,/api/v1/experts/verifications/{verification_id}/review,review_expert_verification,AUTHENTICATED_BROWSER_MUTATION,SESSION,YES,YES,,get_current_identity;get_db;get_scoped_db;require_csrf;require_trusted_origin,,YES
GET,/api/v1/feasibility,list_assessments,SAFE_METHOD,SESSION,NO,NO,,get_current_identity;get_db;get_scoped_db,,YES
POST,/api/v1/feasibility,assess,AUTHENTICATED_BROWSER_MUTATION,SESSION,YES,YES,,get_current_identity;get_db;get_scoped_db;require_csrf;require_trusted_origin,,YES
POST,/api/v1/feasibility/assess,assess,AUTHENTICATED_BROWSER_MUTATION,SESSION,YES,YES,,get_current_identity;get_db;get_scoped_db;require_csrf;require_trusted_origin,,YES
POST,/api/v1/feasibility/{assessment_id}/add-to-timeline,feasibility_to_timeline,AUTHENTICATED_BROWSER_MUTATION,SESSION,YES,YES,,get_current_identity;get_db;get_scoped_db;require_csrf;require_trusted_origin,,YES
POST,/api/v1/feasibility/{assessment_id}/convert-to-plan,feasibility_to_plan,AUTHENTICATED_BROWSER_MUTATION,SESSION,YES,YES,,get_current_identity;get_db;get_scoped_db;require_csrf;require_trusted_origin,,YES
GET,/api/v1/glow/engagement-cue,cue,SAFE_METHOD,SESSION,NO,NO,,get_current_identity;get_db;get_scoped_db,,YES
GET,/api/v1/glow/levels,levels,SAFE_METHOD,SESSION,NO,NO,,get_current_identity;get_db;get_scoped_db,,YES
GET,/api/v1/glow/rewards,rewards,SAFE_METHOD,SESSION,NO,NO,,get_current_identity;get_db;get_scoped_db,,YES
POST,/api/v1/glow/rewards,award_reward,AUTHENTICATED_BROWSER_MUTATION,SESSION,YES,YES,,get_current_identity;get_db;get_scoped_db;require_csrf;require_trusted_origin,,YES
POST,/api/v1/glow/rewards/{reward_key}/redeem,redeem,AUTHENTICATED_BROWSER_MUTATION,SESSION,YES,YES,,get_current_identity;get_db;get_scoped_db;require_csrf;require_trusted_origin,,YES
GET,/api/v1/glow/scoreboard,scoreboard,SAFE_METHOD,SESSION,NO,NO,,get_current_identity;get_db;get_scoped_db,,YES
GET,/api/v1/glow/summary,summary,SAFE_METHOD,SESSION,NO,NO,,get_current_identity;get_db;get_scoped_db,,YES
GET,/api/v1/glow/transactions,transactions,SAFE_METHOD,SESSION,NO,NO,,get_current_identity;get_db;get_scoped_db,,YES
GET,/api/v1/goals,list_goals,SAFE_METHOD,SESSION,NO,NO,,get_current_identity;get_db;get_scoped_db,,YES
POST,/api/v1/goals,create_goal,AUTHENTICATED_BROWSER_MUTATION,SESSION,YES,YES,,get_current_identity;get_db;get_scoped_db;require_csrf;require_trusted_origin,,YES
PATCH,/api/v1/goals/{goal_id},patch_goal,AUTHENTICATED_BROWSER_MUTATION,SESSION,YES,YES,,get_current_identity;get_db;get_scoped_db;require_csrf;require_trusted_origin,,YES
POST,/api/v1/goals/{goal_id}/objectives,create_objective,AUTHENTICATED_BROWSER_MUTATION,SESSION,YES,YES,,get_current_identity;get_db;get_scoped_db;require_csrf;require_trusted_origin,,YES
GET,/api/v1/group-nur/rooms/{room_id}/syntheses,list_group_syntheses,SAFE_METHOD,SESSION,NO,NO,,get_current_identity;get_db;get_scoped_db,,YES
POST,/api/v1/group-nur/rooms/{room_id}/syntheses,create_group_synthesis,AUTHENTICATED_BROWSER_MUTATION,SESSION,YES,YES,,get_current_identity;get_db;get_scoped_db;require_csrf;require_trusted_origin,,YES
GET,/api/v1/hypotheses,list_hypotheses,SAFE_METHOD,SESSION,NO,NO,,get_current_identity;get_db;get_scoped_db,,YES
POST,/api/v1/hypotheses,create_hypothesis,AUTHENTICATED_BROWSER_MUTATION,SESSION,YES,YES,,get_current_identity;get_db;get_scoped_db;require_csrf;require_trusted_origin,,YES
PATCH,/api/v1/hypotheses/{hyp_id},patch_hypothesis,AUTHENTICATED_BROWSER_MUTATION,SESSION,YES,YES,,get_current_identity;get_db;get_scoped_db;require_csrf;require_trusted_origin,,YES
GET,/api/v1/insights,list_insights,SAFE_METHOD,SESSION,NO,NO,,get_current_identity;get_db;get_scoped_db,,YES
POST,/api/v1/insights/consolidate,consolidate_insights,AUTHENTICATED_BROWSER_MUTATION,SESSION,YES,YES,,get_current_identity;get_db;get_scoped_db;require_csrf;require_trusted_origin,,YES
POST,/api/v1/insights/generate,generate_insight,AUTHENTICATED_BROWSER_MUTATION,SESSION,YES,YES,,get_current_identity;get_db;get_scoped_db;require_csrf;require_trusted_origin,,YES
GET,/api/v1/insights/{insight_id},get_insight,SAFE_METHOD,SESSION,NO,NO,,get_current_identity;get_db;get_scoped_db,,YES
POST,/api/v1/insights/{insight_id}/accept,accept_insight,AUTHENTICATED_BROWSER_MUTATION,SESSION,YES,YES,,get_current_identity;get_db;get_scoped_db;require_csrf;require_trusted_origin,,YES
POST,/api/v1/insights/{insight_id}/add-to-timeline,add_insight_to_timeline,AUTHENTICATED_BROWSER_MUTATION,SESSION,YES,YES,,get_current_identity;get_db;get_scoped_db;require_csrf;require_trusted_origin,,YES
POST,/api/v1/insights/{insight_id}/convert-to-plan,convert_insight_to_plan,AUTHENTICATED_BROWSER_MUTATION,SESSION,YES,YES,,get_current_identity;get_db;get_scoped_db;require_csrf;require_trusted_origin,,YES
POST,/api/v1/insights/{insight_id}/correct,correct_insight,AUTHENTICATED_BROWSER_MUTATION,SESSION,YES,YES,,get_current_identity;get_db;get_scoped_db;require_csrf;require_trusted_origin,,YES
GET,/api/v1/insights/{insight_id}/evidence,get_insight_evidence,SAFE_METHOD,SESSION,NO,NO,,get_current_identity;get_db;get_scoped_db,,YES
POST,/api/v1/insights/{insight_id}/reject,reject_insight,AUTHENTICATED_BROWSER_MUTATION,SESSION,YES,YES,,get_current_identity;get_db;get_scoped_db;require_csrf;require_trusted_origin,,YES
POST,/api/v1/insights/{insight_id}/save-to-memory,save_insight_to_memory,AUTHENTICATED_BROWSER_MUTATION,SESSION,YES,YES,,get_current_identity;get_db;get_scoped_db;require_csrf;require_trusted_origin,,YES
GET,/api/v1/insights/{insight_id}/why-changed,get_insight_why_changed,SAFE_METHOD,SESSION,NO,NO,,get_current_identity;get_db;get_scoped_db,,YES
POST,/api/v1/intelligence/evaluate,evaluate_intelligence_spine,AUTHENTICATED_BROWSER_MUTATION,SESSION,YES,YES,,get_current_identity;get_db;get_scoped_db;require_csrf;require_trusted_origin,,YES
GET,/api/v1/intelligence/provider-status,get_intelligence_provider_status,SAFE_METHOD,SESSION,NO,NO,,get_current_identity;get_db;get_scoped_db,,YES
GET,/api/v1/journal,list_entries,SAFE_METHOD,SESSION,NO,NO,,get_current_identity;get_db;get_scoped_db,,YES
POST,/api/v1/journal,keep_entry,AUTHENTICATED_BROWSER_MUTATION,SESSION,YES,YES,,get_current_identity;get_db;get_scoped_db;require_csrf;require_trusted_origin,,YES
POST,/api/v1/journal/{entry_id}/convert,convert_journal,AUTHENTICATED_BROWSER_MUTATION,SESSION,YES,YES,,get_current_identity;get_db;get_scoped_db;require_csrf;require_trusted_origin,,YES
GET,/api/v1/leaderboards/{scope},leaderboard,SAFE_METHOD,SESSION,NO,NO,,get_current_identity;get_db;get_scoped_db,,YES
GET,/api/v1/map,map_graph,SAFE_METHOD,SESSION,NO,NO,,get_current_identity;get_db;get_scoped_db,,YES
POST,/api/v1/map/annotations,create_annotation,AUTHENTICATED_BROWSER_MUTATION,SESSION,YES,YES,,get_current_identity;get_db;get_scoped_db;require_csrf;require_trusted_origin,,YES
GET,/api/v1/map/blockers,list_blockers,SAFE_METHOD,SESSION,NO,NO,,get_current_identity;get_db;get_scoped_db,,YES
POST,/api/v1/map/blockers,create_blocker,AUTHENTICATED_BROWSER_MUTATION,SESSION,YES,YES,,get_current_identity;get_db;get_scoped_db;require_csrf;require_trusted_origin,,YES
PATCH,/api/v1/map/blockers/{blocker_id},patch_blocker,AUTHENTICATED_BROWSER_MUTATION,SESSION,YES,YES,,get_current_identity;get_db;get_scoped_db;require_csrf;require_trusted_origin,,YES
POST,/api/v1/map/decision-analysis,decision_analysis,AUTHENTICATED_BROWSER_MUTATION,SESSION,YES,YES,,get_current_identity;get_db;get_scoped_db;require_csrf;require_trusted_origin,,YES
GET,/api/v1/map/decisions,list_decisions,SAFE_METHOD,SESSION,NO,NO,,get_current_identity;get_db;get_scoped_db,,YES
POST,/api/v1/map/decisions/{decision_id}/choose/{option_id},choose_option,AUTHENTICATED_BROWSER_MUTATION,SESSION,YES,YES,,get_current_identity;get_db;get_scoped_db;require_csrf;require_trusted_origin,,YES
POST,/api/v1/map/decisions/{decision_id}/options,add_option,AUTHENTICATED_BROWSER_MUTATION,SESSION,YES,YES,,get_current_identity;get_db;get_scoped_db;require_csrf;require_trusted_origin,,YES
GET,/api/v1/map/edges,list_edges,SAFE_METHOD,SESSION,NO,NO,,get_current_identity;get_db;get_scoped_db,,YES
POST,/api/v1/map/edges,create_edge,AUTHENTICATED_BROWSER_MUTATION,SESSION,YES,YES,,get_current_identity;get_db;get_scoped_db;require_csrf;require_trusted_origin,,YES
DELETE,/api/v1/map/edges/{edge_id},delete_edge,AUTHENTICATED_BROWSER_MUTATION,SESSION,YES,YES,,get_current_identity;get_db;get_scoped_db;require_csrf;require_trusted_origin,,YES
PATCH,/api/v1/map/edges/{edge_id},patch_edge,AUTHENTICATED_BROWSER_MUTATION,SESSION,YES,YES,,get_current_identity;get_db;get_scoped_db;require_csrf;require_trusted_origin,,YES
GET,/api/v1/map/entities/{entity_type}/{entity_id}/activity,entity_activity,SAFE_METHOD,SESSION,NO,NO,,get_current_identity;get_db;get_scoped_db,,YES
GET,/api/v1/map/entities/{entity_type}/{entity_id}/evidence,entity_evidence,SAFE_METHOD,SESSION,NO,NO,,get_current_identity;get_db;get_scoped_db,,YES
GET,/api/v1/map/entities/{entity_type}/{entity_id}/predictions,entity_predictions,SAFE_METHOD,SESSION,NO,NO,,get_current_identity;get_db;get_scoped_db,,YES
POST,/api/v1/map/from-goal,map_from_goal,AUTHENTICATED_BROWSER_MUTATION,SESSION,YES,YES,,get_current_identity;get_db;get_scoped_db;require_csrf;require_trusted_origin,,YES
POST,/api/v1/map/from-insight,map_from_insight,AUTHENTICATED_BROWSER_MUTATION,SESSION,YES,YES,,get_current_identity;get_db;get_scoped_db;require_csrf;require_trusted_origin,,YES
POST,/api/v1/map/from-plan,map_from_plan,AUTHENTICATED_BROWSER_MUTATION,SESSION,YES,YES,,get_current_identity;get_db;get_scoped_db;require_csrf;require_trusted_origin,,YES
POST,/api/v1/map/from-system,map_from_system,AUTHENTICATED_BROWSER_MUTATION,SESSION,YES,YES,,get_current_identity;get_db;get_scoped_db;require_csrf;require_trusted_origin,,YES
POST,/api/v1/map/path-comparison,path_comparison,AUTHENTICATED_BROWSER_MUTATION,SESSION,YES,YES,,get_current_identity;get_db;get_scoped_db;require_csrf;require_trusted_origin,,YES
POST,/api/v1/map/predict-path,predict_path,AUTHENTICATED_BROWSER_MUTATION,SESSION,YES,YES,,get_current_identity;get_db;get_scoped_db;require_csrf;require_trusted_origin,,YES
POST,/api/v1/map/predictions/{prediction_id}/resolve,resolve_prediction,AUTHENTICATED_BROWSER_MUTATION,SESSION,YES,YES,,get_current_identity;get_db;get_scoped_db;require_csrf;require_trusted_origin,,YES
POST,/api/v1/map/problem,map_problem,AUTHENTICATED_BROWSER_MUTATION,SESSION,YES,YES,,get_current_identity;get_db;get_scoped_db;require_csrf;require_trusted_origin,,YES
POST,/api/v1/map/rebuild,rebuild_map,AUTHENTICATED_BROWSER_MUTATION,SESSION,YES,YES,,get_current_identity;get_db;get_scoped_db;require_csrf;require_trusted_origin,,YES
GET,/api/v1/map/smart-sections,smart_sections,SAFE_METHOD,SESSION,NO,NO,,get_current_identity;get_db;get_scoped_db,,YES
GET,/api/v1/map/suggestions,list_suggestions,SAFE_METHOD,SESSION,NO,NO,,get_current_identity;get_db;get_scoped_db,,YES
POST,/api/v1/map/suggestions/generate,generate_suggestions,AUTHENTICATED_BROWSER_MUTATION,SESSION,YES,YES,,get_current_identity;get_db;get_scoped_db;require_csrf;require_trusted_origin,,YES
POST,/api/v1/map/suggestions/{suggestion_id}/accept,accept_suggestion,AUTHENTICATED_BROWSER_MUTATION,SESSION,YES,YES,,get_current_identity;get_db;get_scoped_db;require_csrf;require_trusted_origin,,YES
POST,/api/v1/map/suggestions/{suggestion_id}/reject,reject_suggestion,AUTHENTICATED_BROWSER_MUTATION,SESSION,YES,YES,,get_current_identity;get_db;get_scoped_db;require_csrf;require_trusted_origin,,YES
GET,/api/v1/map/views,list_views,SAFE_METHOD,SESSION,NO,NO,,get_current_identity;get_db;get_scoped_db,,YES
POST,/api/v1/map/views,create_view,AUTHENTICATED_BROWSER_MUTATION,SESSION,YES,YES,,get_current_identity;get_db;get_scoped_db;require_csrf;require_trusted_origin,,YES
DELETE,/api/v1/map/views/{view_id},delete_view,AUTHENTICATED_BROWSER_MUTATION,SESSION,YES,YES,,get_current_identity;get_db;get_scoped_db;require_csrf;require_trusted_origin,,YES
GET,/api/v1/map/views/{view_id},get_view,SAFE_METHOD,SESSION,NO,NO,,get_current_identity;get_db;get_scoped_db,,YES
PATCH,/api/v1/map/views/{view_id},patch_view,AUTHENTICATED_BROWSER_MUTATION,SESSION,YES,YES,,get_current_identity;get_db;get_scoped_db;require_csrf;require_trusted_origin,,YES
GET,/api/v1/map/views/{view_id}/graph,view_graph,SAFE_METHOD,SESSION,NO,NO,,get_current_identity;get_db;get_scoped_db,,YES
PUT,/api/v1/map/views/{view_id}/layout,put_layout,AUTHENTICATED_BROWSER_MUTATION,SESSION,YES,YES,,get_current_identity;get_db;get_scoped_db;require_csrf;require_trusted_origin,,YES
GET,/api/v1/memories,memories,SAFE_METHOD,SESSION,NO,NO,,get_current_identity;get_db;get_scoped_db,,YES
POST,/api/v1/memories,create_memory,AUTHENTICATED_BROWSER_MUTATION,SESSION,YES,YES,,get_current_identity;get_db;get_scoped_db;require_csrf;require_trusted_origin,,YES
GET,/api/v1/memories/export,export_memories,SAFE_METHOD,SESSION,NO,NO,,get_current_identity;get_db;get_scoped_db,,YES
DELETE,/api/v1/memories/{memory_id},delete_memory,AUTHENTICATED_BROWSER_MUTATION,SESSION,YES,YES,,get_current_identity;get_db;get_scoped_db;require_csrf;require_trusted_origin,,YES
GET,/api/v1/memories/{memory_id},memory_detail,SAFE_METHOD,SESSION,NO,NO,,get_current_identity;get_db;get_scoped_db,,YES
PATCH,/api/v1/memories/{memory_id},patch_memory,AUTHENTICATED_BROWSER_MUTATION,SESSION,YES,YES,,get_current_identity;get_db;get_scoped_db;require_csrf;require_trusted_origin,,YES
GET,/api/v1/memory-candidates,memory_candidates,SAFE_METHOD,SESSION,NO,NO,,get_current_identity;get_db;get_scoped_db,,YES
GET,/api/v1/memory-candidates/{candidate_id},memory_candidate,SAFE_METHOD,SESSION,NO,NO,,get_current_identity;get_db;get_scoped_db,,YES
POST,/api/v1/memory-candidates/{candidate_id}/approve,approve_memory_candidate,AUTHENTICATED_BROWSER_MUTATION,SESSION,YES,YES,,get_current_identity;get_db;get_scoped_db;require_csrf;require_trusted_origin,,YES
POST,/api/v1/memory-candidates/{candidate_id}/correct,correct_memory_candidate,AUTHENTICATED_BROWSER_MUTATION,SESSION,YES,YES,,get_current_identity;get_db;get_scoped_db;require_csrf;require_trusted_origin,,YES
POST,/api/v1/memory-candidates/{candidate_id}/reject,reject_memory_candidate,AUTHENTICATED_BROWSER_MUTATION,SESSION,YES,YES,,get_current_identity;get_db;get_scoped_db;require_csrf;require_trusted_origin,,YES
GET,/api/v1/notifications,list_notifications,SAFE_METHOD,SESSION,NO,NO,,get_current_identity;get_db;get_scoped_db,,YES
GET,/api/v1/notifications/preferences,preferences,SAFE_METHOD,SESSION,NO,NO,,get_current_identity;get_db;get_scoped_db,,YES
PATCH,/api/v1/notifications/preferences,patch_preferences,AUTHENTICATED_BROWSER_MUTATION,SESSION,YES,YES,,get_current_identity;get_db;get_scoped_db;require_csrf;require_trusted_origin,,YES
POST,/api/v1/notifications/reminders,create_reminder,AUTHENTICATED_BROWSER_MUTATION,SESSION,YES,YES,,get_current_identity;get_db;get_scoped_db;require_csrf;require_trusted_origin,,YES
POST,/api/v1/notifications/{notification_id}/read,mark_read,AUTHENTICATED_BROWSER_MUTATION,SESSION,YES,YES,,get_current_identity;get_db;get_scoped_db;require_csrf;require_trusted_origin,,YES
PATCH,/api/v1/objectives/{objective_id},patch_objective,AUTHENTICATED_BROWSER_MUTATION,SESSION,YES,YES,,get_current_identity;get_db;get_scoped_db;require_csrf;require_trusted_origin,,YES
GET,/api/v1/omega/claims,claims,SAFE_METHOD,SESSION,NO,NO,,get_current_identity;get_db;get_scoped_db,,YES
POST,/api/v1/omega/claims,add_claim,AUTHENTICATED_BROWSER_MUTATION,SESSION,YES,YES,,get_current_identity;get_db;get_scoped_db;require_csrf;require_trusted_origin,,YES
POST,/api/v1/omega/claims/{claim_id}/confirm,confirm,AUTHENTICATED_BROWSER_MUTATION,SESSION,YES,YES,,get_current_identity;get_db;get_scoped_db;require_csrf;require_trusted_origin,,YES
GET,/api/v1/omega/claims/{claim_id}/evidence,evidence,SAFE_METHOD,SESSION,NO,NO,,get_current_identity;get_db;get_scoped_db,,YES
POST,/api/v1/omega/claims/{claim_id}/retire,retire,AUTHENTICATED_BROWSER_MUTATION,SESSION,YES,YES,,get_current_identity;get_db;get_scoped_db;require_csrf;require_trusted_origin,,YES
GET,/api/v1/omega/claims/{claim_id}/why-changed,why_changed,SAFE_METHOD,SESSION,NO,NO,,get_current_identity;get_db;get_scoped_db,,YES
POST,/api/v1/omega/consolidate,consolidate,AUTHENTICATED_BROWSER_MUTATION,SESSION,YES,YES,,get_current_identity;get_db;get_scoped_db;require_csrf;require_trusted_origin,,YES
GET,/api/v1/omega/consolidation-runs,consolidation_runs,SAFE_METHOD,SESSION,NO,NO,,get_current_identity;get_db;get_scoped_db,,YES
GET,/api/v1/omega/contradictions,contradictions,SAFE_METHOD,SESSION,NO,NO,,get_current_identity;get_db;get_scoped_db,,YES
POST,/api/v1/omega/contradictions/{contradiction_id}/resolve,resolve,AUTHENTICATED_BROWSER_MUTATION,SESSION,YES,YES,,get_current_identity;get_db;get_scoped_db;require_csrf;require_trusted_origin,,YES
GET,/api/v1/omega/dashboard,dashboard,SAFE_METHOD,SESSION,NO,NO,,get_current_identity;get_db;get_scoped_db,,YES
GET,/api/v1/omega/experiences,experiences,SAFE_METHOD,SESSION,NO,NO,,get_current_identity;get_db;get_scoped_db,,YES
POST,/api/v1/omega/experiences/from-event,from_event,AUTHENTICATED_BROWSER_MUTATION,SESSION,YES,YES,,get_current_identity;get_db;get_scoped_db;require_csrf;require_trusted_origin,,YES
GET,/api/v1/omega/export,export_omega,SAFE_METHOD,SESSION,NO,NO,,get_current_identity;get_db;get_scoped_db,,YES
GET,/api/v1/omega/learning-proposals,learning_proposals,SAFE_METHOD,SESSION,NO,NO,,get_current_identity;get_db;get_scoped_db,,YES
POST,/api/v1/omega/learning-proposals,add_learning_proposal,AUTHENTICATED_BROWSER_MUTATION,SESSION,YES,YES,,get_current_identity;get_db;get_scoped_db;require_csrf;require_trusted_origin,,YES
POST,/api/v1/omega/learning-proposals/{proposal_id}/{action},learning_action,AUTHENTICATED_BROWSER_MUTATION,SESSION,YES,YES,,get_current_identity;get_db;get_scoped_db;require_csrf;require_trusted_origin,,YES
GET,/api/v1/omega/predictions,predictions,SAFE_METHOD,SESSION,NO,NO,,get_current_identity;get_db;get_scoped_db,,YES
POST,/api/v1/omega/predictions,add_prediction,AUTHENTICATED_BROWSER_MUTATION,SESSION,YES,YES,,get_current_identity;get_db;get_scoped_db;require_csrf;require_trusted_origin,,YES
GET,/api/v1/omega/review-queue,review_queue,SAFE_METHOD,SESSION,NO,NO,,get_current_identity;get_db;get_scoped_db,,YES
POST,/api/v1/omega/review-queue/{review_id}/approve,approve_review,AUTHENTICATED_BROWSER_MUTATION,SESSION,YES,YES,,get_current_identity;get_db;get_scoped_db;require_csrf;require_trusted_origin,,YES
POST,/api/v1/omega/review-queue/{review_id}/edit,edit_review,AUTHENTICATED_BROWSER_MUTATION,SESSION,YES,YES,,get_current_identity;get_db;get_scoped_db;require_csrf;require_trusted_origin,,YES
POST,/api/v1/omega/review-queue/{review_id}/reject,reject_review,AUTHENTICATED_BROWSER_MUTATION,SESSION,YES,YES,,get_current_identity;get_db;get_scoped_db;require_csrf;require_trusted_origin,,YES
GET,/api/v1/omega/scheduler-status,scheduler_status,SAFE_METHOD,SESSION,NO,NO,,get_current_identity;get_db;get_scoped_db,,YES
GET,/api/v1/ops/diagnostics,diagnostics,SAFE_METHOD,SESSION,NO,NO,,get_current_identity;get_db,,YES
POST,/api/v1/ops/recover-runs,recover_runs,AUTHENTICATED_BROWSER_MUTATION,SESSION,YES,YES,,get_current_identity;get_db;get_scoped_db;require_csrf;require_trusted_origin,,YES
POST,/api/v1/orbit-context-links,create_context_link,AUTHENTICATED_BROWSER_MUTATION,SESSION,YES,YES,,get_current_identity;get_db;get_scoped_db;require_csrf;require_trusted_origin,,YES
DELETE,/api/v1/orbit-context-links/{link_id},unlink_context,AUTHENTICATED_BROWSER_MUTATION,SESSION,YES,YES,,get_current_identity;get_db;get_scoped_db;require_csrf;require_trusted_origin,,YES
GET,/api/v1/orbit-entities,list_entities,SAFE_METHOD,SESSION,NO,NO,,get_current_identity;get_db;get_scoped_db,,YES
GET,/api/v1/orbit-entities/{person_id},get_entity,SAFE_METHOD,SESSION,NO,NO,,get_current_identity;get_db;get_scoped_db,,YES
PATCH,/api/v1/orbit-entities/{person_id},patch_entity,AUTHENTICATED_BROWSER_MUTATION,SESSION,YES,YES,,get_current_identity;get_db;get_scoped_db;require_csrf;require_trusted_origin,,YES
POST,/api/v1/orbit-entities/{person_id}/archive,archive_entity,AUTHENTICATED_BROWSER_MUTATION,SESSION,YES,YES,,get_current_identity;get_db;get_scoped_db;require_csrf;require_trusted_origin,,YES
GET,/api/v1/orbit-entities/{person_id}/context,list_person_context,SAFE_METHOD,SESSION,NO,NO,,get_current_identity;get_db;get_scoped_db,,YES
GET,/api/v1/orbit-entities/{person_id}/insights,list_person_insights,SAFE_METHOD,SESSION,NO,NO,,get_current_identity;get_db;get_scoped_db,,YES
POST,/api/v1/orbit-entities/{person_id}/level-suggestion,suggest_level,AUTHENTICATED_BROWSER_MUTATION,SESSION,YES,YES,,get_current_identity;get_db;get_scoped_db;require_csrf;require_trusted_origin,,YES
GET,/api/v1/orbit-entities/{person_id}/signals,list_signals,SAFE_METHOD,SESSION,NO,NO,,get_current_identity;get_db;get_scoped_db,,YES
PUT,/api/v1/orbit-entities/{person_id}/signals,upsert_signal,AUTHENTICATED_BROWSER_MUTATION,SESSION,YES,YES,,get_current_identity;get_db;get_scoped_db;require_csrf;require_trusted_origin,,YES
GET,/api/v1/orbit-entities/{person_id}/threads,list_person_threads,SAFE_METHOD,SESSION,NO,NO,,get_current_identity;get_db;get_scoped_db,,YES
GET,/api/v1/orbit-field,get_field,SAFE_METHOD,SESSION,NO,NO,,get_current_identity;get_db;get_scoped_db,,YES
GET,/api/v1/orbit-groups,list_groups,SAFE_METHOD,SESSION,NO,NO,,get_current_identity;get_db;get_scoped_db,,YES
POST,/api/v1/orbit-groups,create_group,AUTHENTICATED_BROWSER_MUTATION,SESSION,YES,YES,,get_current_identity;get_db;get_scoped_db;require_csrf;require_trusted_origin,,YES
GET,/api/v1/orbit-groups/{group_id}/members,list_members,SAFE_METHOD,SESSION,NO,NO,,get_current_identity;get_db;get_scoped_db,,YES
POST,/api/v1/orbit-groups/{group_id}/members,add_member,AUTHENTICATED_BROWSER_MUTATION,SESSION,YES,YES,,get_current_identity;get_db;get_scoped_db;require_csrf;require_trusted_origin,,YES
DELETE,/api/v1/orbit-groups/{group_id}/members/{person_id},remove_member,AUTHENTICATED_BROWSER_MUTATION,SESSION,YES,YES,,get_current_identity;get_db;get_scoped_db;require_csrf;require_trusted_origin,,YES
GET,/api/v1/orbit-layout,get_layout,SAFE_METHOD,SESSION,NO,NO,,get_current_identity;get_db;get_scoped_db,,YES
PUT,/api/v1/orbit-layout,put_layout,AUTHENTICATED_BROWSER_MUTATION,SESSION,YES,YES,,get_current_identity;get_db;get_scoped_db;require_csrf;require_trusted_origin,,YES
GET,/api/v1/orbit-relationships,list_relationships,SAFE_METHOD,SESSION,NO,NO,,get_current_identity;get_db;get_scoped_db,,YES
POST,/api/v1/orbit-relationships,create_relationship,AUTHENTICATED_BROWSER_MUTATION,SESSION,YES,YES,,get_current_identity;get_db;get_scoped_db;require_csrf;require_trusted_origin,,YES
GET,/api/v1/orbit-threads,list_threads,SAFE_METHOD,SESSION,NO,NO,,get_current_identity;get_db;get_scoped_db,,YES
GET,/api/v1/orbits,list_orbits,SAFE_METHOD,SESSION,NO,NO,,get_current_identity;get_db;get_scoped_db,,YES
POST,/api/v1/orbits,create_orbit,AUTHENTICATED_BROWSER_MUTATION,SESSION,YES,YES,,get_current_identity;get_db;get_scoped_db;require_csrf;require_trusted_origin,,YES
GET,/api/v1/orbits/current-state,current_state,SAFE_METHOD,SESSION,NO,NO,,get_current_identity;get_db;get_scoped_db,,YES
POST,/api/v1/orbits/from-conversation,orbit_from_conversation,AUTHENTICATED_BROWSER_MUTATION,SESSION,YES,YES,,get_current_identity;get_db;get_scoped_db;require_csrf;require_trusted_origin,,YES
GET,/api/v1/orbits/people,list_people,SAFE_METHOD,SESSION,NO,NO,,get_current_identity;get_db;get_scoped_db,,YES
POST,/api/v1/orbits/people,create_person,AUTHENTICATED_BROWSER_MUTATION,SESSION,YES,YES,,get_current_identity;get_db;get_scoped_db;require_csrf;require_trusted_origin,,YES
GET,/api/v1/orbits/{orbit_id},orbit_detail,SAFE_METHOD,SESSION,NO,NO,,get_current_identity;get_db;get_scoped_db,,YES
POST,/api/v1/orbits/{orbit_id}/capsules,create_capsule,AUTHENTICATED_BROWSER_MUTATION,SESSION,YES,YES,,get_current_identity;get_db;get_scoped_db;require_csrf;require_trusted_origin,,YES
POST,/api/v1/orbits/{orbit_id}/create-plan,create_orbit_plan,AUTHENTICATED_BROWSER_MUTATION,SESSION,YES,YES,,get_current_identity;get_db;get_scoped_db;require_csrf;require_trusted_origin,,YES
GET,/api/v1/orbits/{orbit_id}/decisions,list_decisions,SAFE_METHOD,SESSION,NO,NO,,get_current_identity;get_db;get_scoped_db,,YES
POST,/api/v1/orbits/{orbit_id}/decisions,add_decision,AUTHENTICATED_BROWSER_MUTATION,SESSION,YES,YES,,get_current_identity;get_db;get_scoped_db;require_csrf;require_trusted_origin,,YES
POST,/api/v1/orbits/{orbit_id}/events,add_orbit_event,AUTHENTICATED_BROWSER_MUTATION,SESSION,YES,YES,,get_current_identity;get_db;get_scoped_db;require_csrf;require_trusted_origin,,YES
POST,/api/v1/orbits/{orbit_id}/members,add_orbit_member,AUTHENTICATED_BROWSER_MUTATION,SESSION,YES,YES,,get_current_identity;get_db;get_scoped_db;require_csrf;require_trusted_origin,,YES
GET,/api/v1/orbits/{orbit_id}/references,list_references,SAFE_METHOD,SESSION,NO,NO,,get_current_identity;get_db;get_scoped_db,,YES
POST,/api/v1/orbits/{orbit_id}/references,add_reference,AUTHENTICATED_BROWSER_MUTATION,SESSION,YES,YES,,get_current_identity;get_db;get_scoped_db;require_csrf;require_trusted_origin,,YES
GET,/api/v1/orbits/{orbit_id}/sources,list_sources,SAFE_METHOD,SESSION,NO,NO,,get_current_identity;get_db;get_scoped_db,,YES
POST,/api/v1/orbits/{orbit_id}/sources,attach_source,AUTHENTICATED_BROWSER_MUTATION,SESSION,YES,YES,,get_current_identity;get_db;get_scoped_db;require_csrf;require_trusted_origin,,YES
POST,/api/v1/orbits/{orbit_id}/start-council,start_council,AUTHENTICATED_BROWSER_MUTATION,SESSION,YES,YES,,get_current_identity;get_db;get_scoped_db;require_csrf;require_trusted_origin,,YES
POST,/api/v1/orbits/{orbit_id}/summary,summarize_orbit,READ_ONLY_POST,SESSION,NO,NO,,get_current_identity;get_db;get_scoped_db,Computes an owner-scoped summary; persists nothing.,YES
POST,/api/v1/outcomes,report_step_outcome,AUTHENTICATED_BROWSER_MUTATION,SESSION,YES,YES,,get_current_identity;get_db;get_scoped_db;require_csrf;require_trusted_origin,,YES
PATCH,/api/v1/plan-steps/{step_id},patch_step,AUTHENTICATED_BROWSER_MUTATION,SESSION,YES,YES,,get_current_identity;get_db;get_scoped_db;require_csrf;require_trusted_origin,,YES
GET,/api/v1/plans,list_plans,SAFE_METHOD,SESSION,NO,NO,,get_current_identity;get_db;get_scoped_db,,YES
POST,/api/v1/plans,create_plan,AUTHENTICATED_BROWSER_MUTATION,SESSION,YES,YES,,get_current_identity;get_db;get_scoped_db;require_csrf;require_trusted_origin,,YES
POST,/api/v1/plans/{plan_id}/steps,add_step,AUTHENTICATED_BROWSER_MUTATION,SESSION,YES,YES,,get_current_identity;get_db;get_scoped_db;require_csrf;require_trusted_origin,,YES
GET,/api/v1/profile/preferences,get_preferences,SAFE_METHOD,SESSION,NO,NO,,get_current_identity;get_db;get_scoped_db,,YES
PATCH,/api/v1/profile/preferences,patch_preferences,AUTHENTICATED_BROWSER_MUTATION,SESSION,YES,YES,,get_current_identity;get_db;get_scoped_db;require_csrf;require_trusted_origin,,YES
GET,/api/v1/projects,list_projects,SAFE_METHOD,SESSION,NO,NO,,get_current_identity;get_db;get_scoped_db,,YES
POST,/api/v1/projects,create_project,AUTHENTICATED_BROWSER_MUTATION,SESSION,YES,YES,,get_current_identity;get_db;get_scoped_db;require_csrf;require_trusted_origin,,YES
GET,/api/v1/projects/execution/capabilities,execution_capabilities,SAFE_METHOD,SESSION,NO,NO,,get_current_identity;get_db,,YES
DELETE,/api/v1/projects/files/{file_id},delete_file,AUTHENTICATED_BROWSER_MUTATION,SESSION,YES,YES,,get_current_identity;get_db;get_scoped_db;require_csrf;require_trusted_origin,,YES
GET,/api/v1/projects/files/{file_id}/download,download_file,SAFE_METHOD,SESSION,NO,NO,,get_current_identity;get_db;get_scoped_db,,YES
POST,/api/v1/projects/files/{file_id}/verify,verify_file,READ_ONLY_POST,SESSION,NO,NO,,get_current_identity;get_db;get_scoped_db,Reads stored bytes and checksum state; persists nothing.,YES
GET,/api/v1/projects/runs/{run_id},get_run,SAFE_METHOD,SESSION,NO,NO,,get_current_identity;get_db;get_scoped_db,,YES
POST,/api/v1/projects/runs/{run_id}/approve,approve_run,AUTHENTICATED_BROWSER_MUTATION,SESSION,YES,YES,,get_current_identity;get_db;get_scoped_db;require_csrf;require_trusted_origin,,YES
POST,/api/v1/projects/runs/{run_id}/cancel,cancel_run,AUTHENTICATED_BROWSER_MUTATION,SESSION,YES,YES,,get_current_identity;get_db;get_scoped_db;require_csrf;require_trusted_origin,,YES
POST,/api/v1/projects/runs/{run_id}/queue,queue_run,AUTHENTICATED_BROWSER_MUTATION,SESSION,YES,YES,,get_current_identity;get_db;get_scoped_db;require_csrf;require_trusted_origin,,YES
POST,/api/v1/projects/runs/{run_id}/reject,reject_run,AUTHENTICATED_BROWSER_MUTATION,SESSION,YES,YES,,get_current_identity;get_db;get_scoped_db;require_csrf;require_trusted_origin,,YES
POST,/api/v1/projects/runs/{run_id}/retry,retry_run,AUTHENTICATED_BROWSER_MUTATION,SESSION,YES,YES,,get_current_identity;get_db;get_scoped_db;require_csrf;require_trusted_origin,,YES
GET,/api/v1/projects/summary,project_summary,SAFE_METHOD,SESSION,NO,NO,,get_current_identity;get_db;get_scoped_db,,YES
PATCH,/api/v1/projects/tasks/{task_id},patch_task,AUTHENTICATED_BROWSER_MUTATION,SESSION,YES,YES,,get_current_identity;get_db;get_scoped_db;require_csrf;require_trusted_origin,,YES
GET,/api/v1/projects/{project_id},get_project,SAFE_METHOD,SESSION,NO,NO,,get_current_identity;get_db;get_scoped_db,,YES
PATCH,/api/v1/projects/{project_id},patch_project,AUTHENTICATED_BROWSER_MUTATION,SESSION,YES,YES,,get_current_identity;get_db;get_scoped_db;require_csrf;require_trusted_origin,,YES
GET,/api/v1/projects/{project_id}/agents,list_agents,SAFE_METHOD,SESSION,NO,NO,,get_current_identity;get_db;get_scoped_db,,YES
POST,/api/v1/projects/{project_id}/agents,create_agent,AUTHENTICATED_BROWSER_MUTATION,SESSION,YES,YES,,get_current_identity;get_db;get_scoped_db;require_csrf;require_trusted_origin,,YES
GET,/api/v1/projects/{project_id}/artifacts,list_artifacts,SAFE_METHOD,SESSION,NO,NO,,get_current_identity;get_db;get_scoped_db,,YES
POST,/api/v1/projects/{project_id}/artifacts,create_artifact,AUTHENTICATED_BROWSER_MUTATION,SESSION,YES,YES,,get_current_identity;get_db;get_scoped_db;require_csrf;require_trusted_origin,,YES
GET,/api/v1/projects/{project_id}/evidence,list_evidence,SAFE_METHOD,SESSION,NO,NO,,get_current_identity;get_db;get_scoped_db,,YES
POST,/api/v1/projects/{project_id}/evidence,create_evidence,AUTHENTICATED_BROWSER_MUTATION,SESSION,YES,YES,,get_current_identity;get_db;get_scoped_db;require_csrf;require_trusted_origin,,YES
GET,/api/v1/projects/{project_id}/files,list_files,SAFE_METHOD,SESSION,NO,NO,,get_current_identity;get_db;get_scoped_db,,YES
POST,/api/v1/projects/{project_id}/files,upload_file,AUTHENTICATED_BROWSER_MUTATION,SESSION,YES,YES,,get_current_identity;get_db;get_scoped_db;require_csrf;require_trusted_origin,,YES
GET,/api/v1/projects/{project_id}/reviews,list_reviews,SAFE_METHOD,SESSION,NO,NO,,get_current_identity;get_db;get_scoped_db,,YES
POST,/api/v1/projects/{project_id}/reviews,create_review,AUTHENTICATED_BROWSER_MUTATION,SESSION,YES,YES,,get_current_identity;get_db;get_scoped_db;require_csrf;require_trusted_origin,,YES
GET,/api/v1/projects/{project_id}/runs,list_runs,SAFE_METHOD,SESSION,NO,NO,,get_current_identity;get_db;get_scoped_db,,YES
POST,/api/v1/projects/{project_id}/runs,propose_run,AUTHENTICATED_BROWSER_MUTATION,SESSION,YES,YES,,get_current_identity;get_db;get_scoped_db;require_csrf;require_trusted_origin,,YES
GET,/api/v1/projects/{project_id}/tasks,list_tasks,SAFE_METHOD,SESSION,NO,NO,,get_current_identity;get_db;get_scoped_db,,YES
POST,/api/v1/projects/{project_id}/tasks,create_task,AUTHENTICATED_BROWSER_MUTATION,SESSION,YES,YES,,get_current_identity;get_db;get_scoped_db;require_csrf;require_trusted_origin,,YES
GET,/api/v1/provider-capabilities,provider_capabilities,SAFE_METHOD,SESSION,NO,NO,,get_current_identity;get_db;get_scoped_db,,YES
GET,/api/v1/quests,quests,SAFE_METHOD,SESSION,NO,NO,,get_current_identity;get_db;get_scoped_db,,YES
POST,/api/v1/quests/{quest_id}/claim,claim,AUTHENTICATED_BROWSER_MUTATION,SESSION,YES,YES,,get_current_identity;get_db;get_scoped_db;require_csrf;require_trusted_origin,,YES
GET,/api/v1/research-drafts,list_research,SAFE_METHOD,SESSION,NO,NO,,get_current_identity;get_db;get_scoped_db,,YES
POST,/api/v1/research-drafts,stage_research,AUTHENTICATED_BROWSER_MUTATION,SESSION,YES,YES,,get_current_identity;get_db;get_scoped_db;require_csrf;require_trusted_origin,,YES
POST,/api/v1/research-drafts/{draft_id}/convert,convert_research,AUTHENTICATED_BROWSER_MUTATION,SESSION,YES,YES,,get_current_identity;get_db;get_scoped_db;require_csrf;require_trusted_origin,,YES
GET,/api/v1/research/briefs,list_research_briefs,SAFE_METHOD,SESSION,NO,NO,,get_current_identity;get_db;get_scoped_db,,YES
POST,/api/v1/research/briefs,create_research_brief,AUTHENTICATED_BROWSER_MUTATION,SESSION,YES,YES,,get_current_identity;get_db;get_scoped_db;require_csrf;require_trusted_origin,,YES
PATCH,/api/v1/research/briefs/{brief_id},patch_research_brief,AUTHENTICATED_BROWSER_MUTATION,SESSION,YES,YES,,get_current_identity;get_db;get_scoped_db;require_csrf;require_trusted_origin,,YES
POST,/api/v1/research/briefs/{brief_id}/convert,convert_research_brief,AUTHENTICATED_BROWSER_MUTATION,SESSION,YES,YES,,get_current_identity;get_db;get_scoped_db;require_csrf;require_trusted_origin,,YES
GET,/api/v1/research/claims,list_research_claims,SAFE_METHOD,SESSION,NO,NO,,get_current_identity;get_db;get_scoped_db,,YES
POST,/api/v1/research/claims,create_research_claim,AUTHENTICATED_BROWSER_MUTATION,SESSION,YES,YES,,get_current_identity;get_db;get_scoped_db;require_csrf;require_trusted_origin,,YES
POST,/api/v1/research/claims/{claim_id}/corrections,correct_research_claim,AUTHENTICATED_BROWSER_MUTATION,SESSION,YES,YES,,get_current_identity;get_db;get_scoped_db;require_csrf;require_trusted_origin,,YES
GET,/api/v1/research/jobs,list_research_jobs,SAFE_METHOD,SESSION,NO,NO,,get_current_identity;get_db;get_scoped_db,,YES
POST,/api/v1/research/jobs,create_research_job,AUTHENTICATED_BROWSER_MUTATION,SESSION,YES,YES,,get_current_identity;get_db;get_scoped_db;require_csrf;require_trusted_origin,,YES
POST,/api/v1/research/jobs/{job_id}/cancel,cancel_research_job,AUTHENTICATED_BROWSER_MUTATION,SESSION,YES,YES,,get_current_identity;get_db;get_scoped_db;require_csrf;require_trusted_origin,,YES
POST,/api/v1/research/jobs/{job_id}/complete,complete_research_job,AUTHENTICATED_BROWSER_MUTATION,SESSION,YES,YES,,get_current_identity;get_db;get_scoped_db;require_csrf;require_trusted_origin,,YES
GET,/api/v1/research/source-notes,list_research_source_notes,SAFE_METHOD,SESSION,NO,NO,,get_current_identity;get_db;get_scoped_db,,YES
POST,/api/v1/research/source-notes,create_research_source_note,AUTHENTICATED_BROWSER_MUTATION,SESSION,YES,YES,,get_current_identity;get_db;get_scoped_db;require_csrf;require_trusted_origin,,YES
GET,/api/v1/research/sources,list_research_sources,SAFE_METHOD,SESSION,NO,NO,,get_current_identity;get_db;get_scoped_db,,YES
POST,/api/v1/research/sources,add_research_source,AUTHENTICATED_BROWSER_MUTATION,SESSION,YES,YES,,get_current_identity;get_db;get_scoped_db;require_csrf;require_trusted_origin,,YES
GET,/api/v1/schedules,list_schedules,SAFE_METHOD,SESSION,NO,NO,,get_current_identity;get_db;get_scoped_db,,YES
POST,/api/v1/schedules,create_schedule,AUTHENTICATED_BROWSER_MUTATION,SESSION,YES,YES,,get_current_identity;get_db;get_scoped_db;require_csrf;require_trusted_origin,,YES
PATCH,/api/v1/schedules/{schedule_id},patch_schedule,AUTHENTICATED_BROWSER_MUTATION,SESSION,YES,YES,,get_current_identity;get_db;get_scoped_db;require_csrf;require_trusted_origin,,YES
GET,/api/v1/streaks,streaks,SAFE_METHOD,SESSION,NO,NO,,get_current_identity;get_db;get_scoped_db,,YES
POST,/api/v1/streaks/{streak_id}/repair,repair,AUTHENTICATED_BROWSER_MUTATION,SESSION,YES,YES,,get_current_identity;get_db;get_scoped_db;require_csrf;require_trusted_origin,,YES
PATCH,/api/v1/system-actions/{action_id},patch_system_action,AUTHENTICATED_BROWSER_MUTATION,SESSION,YES,YES,,get_current_identity;get_db;get_scoped_db;require_csrf;require_trusted_origin,,YES
GET,/api/v1/systems,systems,SAFE_METHOD,SESSION,NO,NO,,get_current_identity;get_db;get_scoped_db,,YES
GET,/api/v1/systems/{system_slug},system_detail,SAFE_METHOD,SESSION,NO,NO,,get_current_identity;get_db;get_scoped_db,,YES
POST,/api/v1/systems/{system_slug}/actions,create_system_action,AUTHENTICATED_BROWSER_MUTATION,SESSION,YES,YES,,get_current_identity;get_db;get_scoped_db;require_csrf;require_trusted_origin,,YES
PATCH,/api/v1/systems/{system_slug}/actions/{action_id}/return,correct_system_action_return,AUTHENTICATED_BROWSER_MUTATION,SESSION,YES,YES,,get_current_identity;get_db;get_scoped_db;require_csrf;require_trusted_origin,,YES
POST,/api/v1/systems/{system_slug}/actions/{action_id}/return,return_system_action,AUTHENTICATED_BROWSER_MUTATION,SESSION,YES,YES,,get_current_identity;get_db;get_scoped_db;require_csrf;require_trusted_origin,,YES
POST,/api/v1/systems/{system_slug}/diagnostics,create_diagnostic,AUTHENTICATED_BROWSER_MUTATION,SESSION,YES,YES,,get_current_identity;get_db;get_scoped_db;require_csrf;require_trusted_origin,,YES
GET,/api/v1/teach-nur/contributions,list_teach_nur_contributions,SAFE_METHOD,SESSION,NO,NO,,get_current_identity;get_db;get_scoped_db,,YES
POST,/api/v1/teach-nur/contributions,create_teach_nur_contribution,AUTHENTICATED_BROWSER_MUTATION,SESSION,YES,YES,,get_current_identity;get_db;get_scoped_db;require_csrf;require_trusted_origin,,YES
GET,/api/v1/teach-nur/contributions/{contribution_id},get_teach_nur_contribution,SAFE_METHOD,SESSION,NO,NO,,get_current_identity;get_db;get_scoped_db,,YES
POST,/api/v1/teach-nur/contributions/{contribution_id}/review,review_teach_nur_contribution,AUTHENTICATED_BROWSER_MUTATION,SESSION,YES,YES,,get_current_identity;get_db;get_scoped_db;require_csrf;require_trusted_origin,,YES
GET,/api/v1/tender-insights,list_tender_insights,SAFE_METHOD,SESSION,NO,NO,,get_current_identity;get_db;get_scoped_db,,YES
POST,/api/v1/tender-insights,create_tender_insight,AUTHENTICATED_BROWSER_MUTATION,SESSION,YES,YES,,get_current_identity;get_db;get_scoped_db;require_csrf;require_trusted_origin,,YES
POST,/api/v1/tender-insights/{insight_id}/corrections,correct_tender_insight,AUTHENTICATED_BROWSER_MUTATION,SESSION,YES,YES,,get_current_identity;get_db;get_scoped_db;require_csrf;require_trusted_origin,,YES
PATCH,/api/v1/tender-insights/{insight_id}/status,act_on_tender_insight,AUTHENTICATED_BROWSER_MUTATION,SESSION,YES,YES,,get_current_identity;get_db;get_scoped_db;require_csrf;require_trusted_origin,,YES
GET,/api/v1/timeline,list_timeline,SAFE_METHOD,SESSION,NO,NO,,get_current_identity;get_db;get_scoped_db,,YES
GET,/api/v1/timeline/calendar,timeline_calendar,SAFE_METHOD,SESSION,NO,NO,,get_current_identity;get_db;get_scoped_db,,YES
POST,/api/v1/timeline/conflict-analysis,conflict_analysis,READ_ONLY_POST,SESSION,NO,NO,,get_current_identity;get_db;get_scoped_db,Computes conflicts from owner-scoped timeline rows.,YES
POST,/api/v1/timeline/dependencies,create_dependency,AUTHENTICATED_BROWSER_MUTATION,SESSION,YES,YES,,get_current_identity;get_db;get_scoped_db;require_csrf;require_trusted_origin,,YES
DELETE,/api/v1/timeline/dependencies/{dependency_id},delete_dependency,AUTHENTICATED_BROWSER_MUTATION,SESSION,YES,YES,,get_current_identity;get_db;get_scoped_db;require_csrf;require_trusted_origin,,YES
POST,/api/v1/timeline/entries/{entry_id}/actual,record_actual,AUTHENTICATED_BROWSER_MUTATION,SESSION,YES,YES,,get_current_identity;get_db;get_scoped_db;require_csrf;require_trusted_origin,,YES
POST,/api/v1/timeline/entries/{entry_id}/archive,archive_entry,AUTHENTICATED_BROWSER_MUTATION,SESSION,YES,YES,,get_current_identity;get_db;get_scoped_db;require_csrf;require_trusted_origin,,YES
POST,/api/v1/timeline/entries/{entry_id}/confirm-observed,confirm_observed,AUTHENTICATED_BROWSER_MUTATION,SESSION,YES,YES,,get_current_identity;get_db;get_scoped_db;require_csrf;require_trusted_origin,,YES
GET,/api/v1/timeline/entries/{entry_id}/dependencies,entry_dependencies,SAFE_METHOD,SESSION,NO,NO,,get_current_identity;get_db;get_scoped_db,,YES
POST,/api/v1/timeline/entries/{entry_id}/partial,partial_entry,AUTHENTICATED_BROWSER_MUTATION,SESSION,YES,YES,,get_current_identity;get_db;get_scoped_db;require_csrf;require_trusted_origin,,YES
PUT,/api/v1/timeline/entries/{entry_id}/recurrence,upsert_recurrence,AUTHENTICATED_BROWSER_MUTATION,SESSION,YES,YES,,get_current_identity;get_db;get_scoped_db;require_csrf;require_trusted_origin,,YES
POST,/api/v1/timeline/entries/{entry_id}/recurrence/pause,pause_recurrence,AUTHENTICATED_BROWSER_MUTATION,SESSION,YES,YES,,get_current_identity;get_db;get_scoped_db;require_csrf;require_trusted_origin,,YES
POST,/api/v1/timeline/entries/{entry_id}/recurrence/resume,resume_recurrence,AUTHENTICATED_BROWSER_MUTATION,SESSION,YES,YES,,get_current_identity;get_db;get_scoped_db;require_csrf;require_trusted_origin,,YES
GET,/api/v1/timeline/entries/{entry_id}/reschedule-history,reschedule_history,SAFE_METHOD,SESSION,NO,NO,,get_current_identity;get_db;get_scoped_db,,YES
POST,/api/v1/timeline/entries/{entry_id}/reschedule-with-history,reschedule_with_history,AUTHENTICATED_BROWSER_MUTATION,SESSION,YES,YES,,get_current_identity;get_db;get_scoped_db;require_csrf;require_trusted_origin,,YES
POST,/api/v1/timeline/entries/{entry_id}/schedule,schedule_entry,AUTHENTICATED_BROWSER_MUTATION,SESSION,YES,YES,,get_current_identity;get_db;get_scoped_db;require_csrf;require_trusted_origin,,YES
POST,/api/v1/timeline/entries/{entry_id}/start,start_entry,AUTHENTICATED_BROWSER_MUTATION,SESSION,YES,YES,,get_current_identity;get_db;get_scoped_db;require_csrf;require_trusted_origin,,YES
POST,/api/v1/timeline/events,create_timeline_event,AUTHENTICATED_BROWSER_MUTATION,SESSION,YES,YES,,get_current_identity;get_db;get_scoped_db;require_csrf;require_trusted_origin,,YES
POST,/api/v1/timeline/external-sync,external_sync,READ_ONLY_POST,SESSION,NO,NO,,get_current_identity;get_db,Honest unavailable-provider probe; always returns 503 and persists nothing.,YES
GET,/api/v1/timeline/external-sync/status,external_sync_status,SAFE_METHOD,SESSION,NO,NO,,get_current_identity;get_db;get_scoped_db,,YES
GET,/api/v1/timeline/flow,timeline_flow,SAFE_METHOD,SESSION,NO,NO,,get_current_identity;get_db;get_scoped_db,,YES
POST,/api/v1/timeline/from-goal,timeline_from_goal,AUTHENTICATED_BROWSER_MUTATION,SESSION,YES,YES,,get_current_identity;get_db;get_scoped_db;require_csrf;require_trusted_origin,,YES
POST,/api/v1/timeline/from-plan,timeline_from_plan,AUTHENTICATED_BROWSER_MUTATION,SESSION,YES,YES,,get_current_identity;get_db;get_scoped_db;require_csrf;require_trusted_origin,,YES
GET,/api/v1/timeline/horizons,timeline_horizons,SAFE_METHOD,SESSION,NO,NO,,get_current_identity;get_db;get_scoped_db,,YES
GET,/api/v1/timeline/phases,list_phases,SAFE_METHOD,SESSION,NO,NO,,get_current_identity;get_db;get_scoped_db,,YES
POST,/api/v1/timeline/phases,create_phase,AUTHENTICATED_BROWSER_MUTATION,SESSION,YES,YES,,get_current_identity;get_db;get_scoped_db;require_csrf;require_trusted_origin,,YES
PATCH,/api/v1/timeline/phases/{phase_id},patch_phase,AUTHENTICATED_BROWSER_MUTATION,SESSION,YES,YES,,get_current_identity;get_db;get_scoped_db;require_csrf;require_trusted_origin,,YES
GET,/api/v1/timeline/preferences,get_preferences,SAFE_METHOD,SESSION,NO,NO,,get_current_identity;get_db;get_scoped_db,,YES
PATCH,/api/v1/timeline/preferences,patch_preferences,AUTHENTICATED_BROWSER_MUTATION,SESSION,YES,YES,,get_current_identity;get_db;get_scoped_db;require_csrf;require_trusted_origin,,YES
GET,/api/v1/timeline/review,timeline_review_default,SAFE_METHOD,SESSION,NO,NO,,get_current_identity;get_db;get_scoped_db,,YES
GET,/api/v1/timeline/reviews,list_reviews,SAFE_METHOD,SESSION,NO,NO,,get_current_identity;get_db;get_scoped_db,,YES
POST,/api/v1/timeline/reviews,create_review,AUTHENTICATED_BROWSER_MUTATION,SESSION,YES,YES,,get_current_identity;get_db;get_scoped_db;require_csrf;require_trusted_origin,,YES
POST,/api/v1/timeline/reviews/generate,generate_review,AUTHENTICATED_BROWSER_MUTATION,SESSION,YES,YES,,get_current_identity;get_db;get_scoped_db;require_csrf;require_trusted_origin,,YES
POST,/api/v1/timeline/ripple-apply,ripple_apply,AUTHENTICATED_BROWSER_MUTATION,SESSION,YES,YES,,get_current_identity;get_db;get_scoped_db;require_csrf;require_trusted_origin,,YES
POST,/api/v1/timeline/ripple-preview,ripple_preview,READ_ONLY_POST,SESSION,NO,NO,,get_current_identity;get_db;get_scoped_db,Computes a hypothetical ripple preview; persists nothing.,YES
GET,/api/v1/timeline/smart-sections,smart_sections,SAFE_METHOD,SESSION,NO,NO,,get_current_identity;get_db;get_scoped_db,,YES
POST,/api/v1/timeline/{event_id}/attach-outcome,attach_timeline_outcome,AUTHENTICATED_BROWSER_MUTATION,SESSION,YES,YES,,get_current_identity;get_db;get_scoped_db;require_csrf;require_trusted_origin,,YES
POST,/api/v1/timeline/{event_id}/complete,complete_timeline_event,AUTHENTICATED_BROWSER_MUTATION,SESSION,YES,YES,,get_current_identity;get_db;get_scoped_db;require_csrf;require_trusted_origin,,YES
POST,/api/v1/timeline/{event_id}/make-easier,make_timeline_event_easier,AUTHENTICATED_BROWSER_MUTATION,SESSION,YES,YES,,get_current_identity;get_db;get_scoped_db;require_csrf;require_trusted_origin,,YES
POST,/api/v1/timeline/{event_id}/miss,miss_timeline_event,AUTHENTICATED_BROWSER_MUTATION,SESSION,YES,YES,,get_current_identity;get_db;get_scoped_db;require_csrf;require_trusted_origin,,YES
POST,/api/v1/timeline/{event_id}/outcome,attach_timeline_outcome,AUTHENTICATED_BROWSER_MUTATION,SESSION,YES,YES,,get_current_identity;get_db;get_scoped_db;require_csrf;require_trusted_origin,,YES
POST,/api/v1/timeline/{event_id}/reschedule,reschedule_timeline_event,AUTHENTICATED_BROWSER_MUTATION,SESSION,YES,YES,,get_current_identity;get_db;get_scoped_db;require_csrf;require_trusted_origin,,YES
POST,/api/v1/timeline/{event_id}/turn-into-plan,timeline_event_to_plan,AUTHENTICATED_BROWSER_MUTATION,SESSION,YES,YES,,get_current_identity;get_db;get_scoped_db;require_csrf;require_trusted_origin,,YES
GET,/api/v1/today,today,SAFE_METHOD,SESSION,NO,NO,,get_current_identity;get_db;get_scoped_db,,YES
POST,/api/v1/today/check-in,today_check_in,AUTHENTICATED_BROWSER_MUTATION,SESSION,YES,YES,,get_current_identity;get_db;get_scoped_db;require_csrf;require_trusted_origin,,YES
POST,/api/v1/today/complete-action,today_complete_action,AUTHENTICATED_BROWSER_MUTATION,SESSION,YES,YES,,get_current_identity;get_db;get_scoped_db;require_csrf;require_trusted_origin,,YES
POST,/api/v1/today/make-easier,today_make_easier,AUTHENTICATED_BROWSER_MUTATION,SESSION,YES,YES,,get_current_identity;get_db;get_scoped_db;require_csrf;require_trusted_origin,,YES
POST,/api/v1/today/miss-action,today_miss_action,AUTHENTICATED_BROWSER_MUTATION,SESSION,YES,YES,,get_current_identity;get_db;get_scoped_db;require_csrf;require_trusted_origin,,YES
POST,/api/v1/today/plan-day,today_plan_day,AUTHENTICATED_BROWSER_MUTATION,SESSION,YES,YES,,get_current_identity;get_db;get_scoped_db;require_csrf;require_trusted_origin,,YES
GET,/api/v1/translations,list_translations,SAFE_METHOD,SESSION,NO,NO,,get_current_identity;get_db;get_scoped_db,,YES
POST,/api/v1/translations,translate,AUTHENTICATED_BROWSER_MUTATION,SESSION,YES,YES,,get_current_identity;get_db;get_scoped_db;get_translation_provider;require_csrf;require_trusted_origin,,YES
GET,/api/v1/translations/catalog,translation_catalog,SAFE_METHOD,PUBLIC,NO,NO,,,,YES
GET,/api/v1/translations/{translation_id},get_translation,SAFE_METHOD,SESSION,NO,NO,,get_current_identity;get_db;get_scoped_db,,YES
POST,/api/v1/translations/{translation_id}/feedback,translation_feedback,AUTHENTICATED_BROWSER_MUTATION,SESSION,YES,YES,,get_current_identity;get_db;get_scoped_db;require_csrf;require_trusted_origin,,YES
GET,/api/v1/universe/insights-summary,insights_summary,SAFE_METHOD,SESSION,NO,NO,,get_current_identity;get_db;get_scoped_db,,YES
GET,/api/v1/universe/live,live_universe,SAFE_METHOD,SESSION,NO,NO,,get_current_identity;get_db;get_scoped_db,,YES
GET,/api/v1/universe/map-summary,map_summary,SAFE_METHOD,SESSION,NO,NO,,get_current_identity;get_db;get_scoped_db,,YES
GET,/api/v1/universe/orbits-summary,orbits_summary,SAFE_METHOD,SESSION,NO,NO,,get_current_identity;get_db;get_scoped_db,,YES
GET,/api/v1/universe/search,search,SAFE_METHOD,SESSION,NO,NO,,get_current_identity;get_db;get_scoped_db,,YES
GET,/api/v1/universe/timeline,timeline,SAFE_METHOD,SESSION,NO,NO,,get_current_identity;get_db;get_scoped_db,,YES
GET,/api/v1/web-signals/alerts,list_web_signal_alerts,SAFE_METHOD,SESSION,NO,NO,,get_current_identity;get_db;get_scoped_db,,YES
PATCH,/api/v1/web-signals/alerts/{alert_id},update_web_signal_alert,AUTHENTICATED_BROWSER_MUTATION,SESSION,YES,YES,,get_current_identity;get_db;get_scoped_db;require_csrf;require_trusted_origin,,YES
GET,/api/v1/web-signals/notes,list_web_signal_notes,SAFE_METHOD,SESSION,NO,NO,,get_current_identity;get_db;get_scoped_db,,YES
POST,/api/v1/web-signals/notes,create_web_signal_note,AUTHENTICATED_BROWSER_MUTATION,SESSION,YES,YES,,get_current_identity;get_db;get_scoped_db;require_csrf;require_trusted_origin,,YES
POST,/api/v1/web-signals/notes/{note_id}/attach,attach_web_signal_note,AUTHENTICATED_BROWSER_MUTATION,SESSION,YES,YES,,get_current_identity;get_db;get_scoped_db;require_csrf;require_trusted_origin,,YES
GET,/api/v1/web-signals/questions,list_web_signal_questions,SAFE_METHOD,SESSION,NO,NO,,get_current_identity;get_db;get_scoped_db,,YES
POST,/api/v1/web-signals/questions,create_web_signal_question,AUTHENTICATED_BROWSER_MUTATION,SESSION,YES,YES,,get_current_identity;get_db;get_scoped_db;require_csrf;require_trusted_origin,,YES
GET,/api/v1/web-signals/watchlists,list_watchlists,SAFE_METHOD,SESSION,NO,NO,,get_current_identity;get_db;get_scoped_db,,YES
POST,/api/v1/web-signals/watchlists,create_watchlist,AUTHENTICATED_BROWSER_MUTATION,SESSION,YES,YES,,get_current_identity;get_db;get_scoped_db;require_csrf;require_trusted_origin,,YES
PATCH,/api/v1/web-signals/watchlists/{watchlist_id},update_watchlist,AUTHENTICATED_BROWSER_MUTATION,SESSION,YES,YES,,get_current_identity;get_db;get_scoped_db;require_csrf;require_trusted_origin,,YES
POST,/api/v1/web-signals/watchlists/{watchlist_id}/owner-captures,capture_watchlist_snapshot,AUTHENTICATED_BROWSER_MUTATION,SESSION,YES,YES,,get_current_identity;get_db;get_scoped_db;require_csrf;require_trusted_origin,,YES
GET,/healthz,healthz,SAFE_METHOD,PUBLIC,NO,NO,,,,YES
GET,/metrics,metrics,SAFE_METHOD,PUBLIC,NO,NO,,,,YES
GET,/readyz,readyz,SAFE_METHOD,PUBLIC,NO,NO,,,,YES
